1.098493008927743930e-01,-2.685149539156648224e-01,4.183724973928380775e-02,-1.182247677888288370e-02,-1.240608736736574860e-02,-1.517220887521258388e-01,1.387287422400023396e-01,4.289007598623790773e-01,5.235823037969499216e-01,6.835413313034046645e-01,2.680706813444464487e-01,1.229935575665465908e-01,-7.204072949598967490e-01,-8.258901114713468328e-02,-7.190346481629337205e-01,-1.374315472585505016e-01,7.416129178981527292e-02,3.585535214817560656e-01,2.426625715302512254e-01,5.874936927143902254e-01,-3.095957761424166232e-01,5.586040146486522806e-01,-7.638055259307696687e-01,1.137962985004822708e-01,5.046672753483077284e-02
9.258422556046125296e-02,-2.283552369768460655e-01,4.488884366783472274e-02,-1.829827761571361025e-02,8.188195037432257164e-05,-1.271563715796705518e-01,1.330598001082972937e-01,3.684530015602660025e-01,4.603660148819767040e-01,6.172310105857866658e-01,2.423527143149000473e-01,1.074688175337401297e-01,-6.439283817176820746e-01,-7.636050718832490536e-02,-6.518549161345251752e-01,-1.173059123271785603e-01,7.039856937332815423e-02,3.067237149118081652e-01,2.179611454550930139e-01,5.426672920874888728e-01,-2.600662861860564834e-01,4.905241279074153971e-01,-6.871259577802998342e-01,9.121384999968540352e-02,4.383973482860896442e-02
7.005164388538660802e-02,-1.770625376633008230e-01,5.694242291284669355e-02,-3.075638866162220403e-02,2.284202226950878337e-02,-1.013769861161543523e-01,1.257382086172093016e-01,2.883979376255520477e-01,3.775440199232912852e-01,5.232902005273384338e-01,2.120217539818241570e-01,8.040774639138541235e-02,-5.329464165000985520e-01,-7.503550150150113673e-02,-5.517192204400808153e-01,-9.050661420647067301e-02,7.414126460823347586e-02,2.409755419423194600e-01,1.904413551119461534e-01,4.849393311903669734e-01,-1.962490302696751621e-01,3.923215713753943068e-01,-5.670100595590208403e-01,5.442130188954905773e-02,2.937789510164574847e-02
2.080864902934478899e-02,-3.376102125064984333e-02,9.259554145585964513e-02,-6.990741310751211190e-02,1.124721163435557364e-01,-6.716073148646276199e-03,9.902107693790827836e-02,8.778484950174696155e-02,1.473142355053464470e-01,2.458542460757182357e-01,1.355279042254234345e-01,6.078978711866913145e-03,-1.930105717075742411e-01,-8.941770252599101632e-02,-2.728713145785139904e-01,-2.701601740861379886e-02,1.231746310368319469e-01,7.131886407491501434e-02,1.296474161248456491e-01,3.316839546773486247e-01,-4.083965928196471584e-02,1.323072060811875950e-01,-1.961759337247641621e-01,-6.218222651474149959e-02,7.810920442087761206e-04
-1.552988169460050617e-02,1.794987971346599098e-01,1.175742297851801177e-01,-1.187813285032322530e-01,2.723039471823483493e-01,2.127357663166672963e-01,3.815507916883726508e-02,-1.415742466268612443e-01,-1.839325120210901776e-01,-1.567634969916423260e-01,2.857990133660140430e-02,-7.381644205214983601e-02,2.937255416446467593e-01,-1.192314079119779768e-01,5.048750129361249950e-02,3.510458203899463614e-02,2.342503270812273941e-01,-1.537923756760010974e-01,5.503452766084714065e-02,1.135505441588355591e-01,1.451231670196457824e-01,-1.579268251207076590e-01,2.684039203030612053e-01,-2.341106142740659313e-01,8.727497557665784070e-03
-1.715250056068191864e-02,2.422082276282521152e-01,1.130864774684780111e-01,-1.310244689456185607e-01,3.160161160956175275e-01,2.954637937013377957e-01,1.519198397143580424e-02,-1.909412485866884557e-01,-2.693621463933969506e-01,-2.658261731196798205e-01,-2.709685737117524876e-03,-8.323864543808362493e-02,4.101131433275553295e-01,-1.265837709961137592e-01,1.078161021979894274e-01,4.679093041972078731e-02,2.731318126307953897e-01,-2.118355900621371468e-01,3.810765864914449075e-02,6.074162434715318221e-02,1.902219549485488215e-01,-2.125930573525934286e-01,3.595918617459069599e-01,-2.736306308332558390e-01,2.736696221557799458e-02
-1.446880951421781157e-02,2.504094906271102650e-01,1.093238622393569309e-01,-1.330148713229453994e-01,3.192996976453100766e-01,3.113997411897906353e-01,1.104462100077500605e-02,-1.918639649644694190e-01,-2.768425264453500123e-01,-2.797958548549519531e-01,-6.098623238958936904e-03,-7.846380282845122345e-02,4.209501266072896986e-01,-1.254957078241168700e-01,1.045553384665453833e-01,4.582678332828987039e-02,2.816363541522229896e-01,-2.163841446884776643e-01,3.738363480345702206e-02,6.178469272877172569e-02,1.928284505170467789e-01,-2.112884794861073223e-01,3.623189065718891988e-01,-2.736384245891622102e-01,3.464403082709316406e-02
-4.774000806320624450e-03,2.322256385704010440e-01,1.042032859561349417e-01,-1.306650068907759255e-01,3.007321815262120612e-01,3.032137785362934990e-01,1.330914250571211405e-02,-1.603497698898166124e-01,-2.428436514181132599e-01,-2.507997354188011285e-01,5.904534005803020735e-03,-5.784578863627484746e-02,3.779660256717612965e-01,-1.159088156640523254e-01,6.070141781162134709e-02,3.289275951117368729e-02,2.831799924411164127e-01,-1.902794477770049786e-01,4.505487553970938946e-02,1.033310346246210792e-01,1.692814035522639537e-01,-1.715818645545216514e-01,3.127879187817115825e-01,-2.486091556946928016e-01,4.277175759758752860e-02
1.526442997183066188e-03,2.102989163857515720e-01,1.037632617809859797e-01,-1.266592648395774845e-01,2.832660682281187281e-01,2.836889678999715558e-01,1.774537485292938810e-02,-1.324205393003253517e-01,-2.081265517504072571e-01,-2.150039923622701077e-01,1.865016380681980973e-02,-4.450900013316082260e-02,3.314270978256119160e-01,-1.086933012913535446e-01,2.724063221437823465e-02,2.202066324395419300e-02,2.784019523891676506e-01,-1.644773510241513692e-01,5.167385106022334695e-02,1.375179770538191015e-01,1.470217862580107115e-01,-1.388401450865779096e-01,2.679733149909633849e-01,-2.284006666357967230e-01,4.393146773051207626e-02
8.382731337588265538e-03,1.826669312309780191e-01,1.048246889668476151e-01,-1.210569425364529939e-01,2.628904948674233299e-01,2.568817312813672649e-01,2.322507087345005924e-02,-9.910674543595539288e-02,-1.655932143790434241e-01,-1.691707152380244050e-01,3.413656264185496031e-02,-3.045200977716092106e-02,2.723398359648133704e-01,-1.007266949137631401e-01,-1.039408465524416930e-02,9.072145821691220482e-03,2.711647579753632686e-01,-1.331368789145057629e-01,5.932410140598034370e-02,1.766393958114486074e-01,1.201648684350205276e-01,-1.005927024855319818e-01,2.138864818624206243e-01,-2.056472817147365073e-01,4.362064768255660002e-02
1.553533217190412354e-02,1.513240470440865015e-01,1.072126411291755704e-01,-1.141841858543767158e-01,2.411844063219280854e-01,2.249828074439982339e-01,2.909701523721495639e-02,-6.230169212306532756e-02,-1.180046654844153498e-01,-1.162486946361801637e-01,5.118968426218515472e-02,-1.638146884787569299e-02,2.039935590653586261e-01,-9.255844260166089243e-02,-5.020538903774385275e-02,-5.275412440924756932e-03,2.622566272894010231e-01,-9.825587395569272686e-02,6.756298689235082366e-02,2.180639922886089821e-01,9.034255447739723832e-02,-5.882193978893181241e-02,1.534672291765457330e-01,-1.818342374121890148e-01,4.220940023219341142e-02
3.698449425204506508e-02,5.096720118876461869e-02,1.197027693178941421e-01,-8.964990842563318185e-02,1.789618190217374949e-01,1.175908397650567427e-01,4.536868913500934075e-02,5.356746358515561413e-02,3.235013386044613415e-02,5.894071929466414977e-02,1.033070405992216889e-01,2.166771627643590895e-02,-2.281086680737313271e-02,-7.046453374565031513e-02,-1.687318635022304336e-01,-5.096173430134409710e-02,2.315130616176342138e-01,1.198495628281700046e-02,9.277238735367991651e-02,3.376482211983948822e-01,-3.962638527661984517e-03,7.187923450178072826e-02,-3.902366176147455817e-02,-1.138015465857724479e-01,3.419724581402925484e-02
1.193042704076502092e-01,-2.878309210434983889e-01,4.867606395963200439e-02,-1.093116570311127890e-02,-1.017525538604909484e-02,-1.683084454210638237e-01,1.394557597864327925e-01,4.556532298470477027e-01,5.515600325859304487e-01,7.118200859252258317e-01,2.824255315526085774e-01,1.234105030517905766e-01,-7.518326995594531992e-01,-8.764095501372738684e-02,-7.427692776932726115e-01,-1.480964720033379478e-01,7.980972230851426930e-02,3.832336124464790217e-01,2.545017355948148152e-01,6.078706974641552296e-01,-3.304417958342961148e-01,5.838127688231735668e-01,-7.908771994356167401e-01,1.157949545893688648e-01,4.716545314147563284e-02
7.868386308714893362e-02,-1.907414822905328100e-01,6.296305623309100818e-02,-2.800593288684318644e-02,2.985141476303555808e-02,-1.129096213568178131e-01,1.252775476467645754e-01,3.101875719789762842e-01,4.010315984698999414e-01,5.542479232231835029e-01,2.224836499673372714e-01,7.891308517705912517e-02,-5.653748998025512895e-01,-7.934634411595688219e-02,-5.752966674384027979e-01,-1.000992215248732442e-01,7.760192490799948384e-02,2.601864835465319548e-01,1.988114335775829078e-01,4.993310384343572217e-01,-2.129441172841740337e-01,4.191201618638828452e-01,-5.975343903839702708e-01,5.137405862175672966e-02,2.784723602625482908e-02
4.750409986963071568e-02,-1.236823929118351234e-01,8.746076896806283252e-02,-4.673989997960193571e-02,7.115919156695249548e-02,-8.496881213360824026e-02,1.156405117955551509e-01,2.030814895478873783e-01,2.915414204073846216e-01,4.265569636781187390e-01,1.845213518887589277e-01,3.388090926372069184e-02,-4.073844736957793478e-01,-8.589818337059361431e-02,-4.273465477905559196e-01,-6.468210790152899292e-02,9.141959189749394865e-02,1.741360984973773784e-01,1.681204241711271863e-01,4.217548314888256988e-01,-1.320212866681622632e-01,2.826742379194649435e-01,-4.145483159389302674e-01,-9.125520528114725374e-03,3.772847950774701337e-03
1.552788048790998236e-02,-4.440091888208191201e-02,1.151265561883677568e-01,-6.935444872117657589e-02,1.296369613636639828e-01,-4.057715130592650515e-02,1.010428110766875831e-01,8.685468640901902737e-02,1.620838859686845601e-01,2.718054991691919442e-01,1.415835979277099144e-01,-1.747587017928239200e-02,-2.115879657534368019e-01,-9.922666263607417270e-02,-2.555443888121339269e-01,-2.804963851806269517e-02,1.213600269303761053e-01,7.746485438976534466e-02,1.373968890828701217e-01,3.329071758897566569e-01,-4.668765682777385739e-02,1.303793608433504725e-01,-1.897453363015553229e-01,-8.527890111485554592e-02,-1.796858731254073749e-02
-9.623477896842541277e-03,3.917042208635360123e-02,1.381083745289752862e-01,-9.104841177979684785e-02,1.979751865295800994e-01,2.450944014271775120e-02,8.058206103478798843e-02,-1.936943346389884829e-02,2.711723599673623517e-02,1.117694392791555580e-01,9.775770090130943279e-02,-6.469266415774520274e-02,-8.273169431327836651e-03,-1.150227103357178426e-01,-9.576010173775020839e-02,2.652007126236723394e-03,1.620513434895209659e-01,-1.767369701862485723e-02,1.081511454830999530e-01,2.421003315465815320e-01,3.238965975580251205e-02,-8.340069226959956339e-03,2.757589163537103524e-02,-1.659550401734109781e-01,-2.964577416236829563e-02
-2.481156353512826637e-02,1.144953310478854236e-01,1.518060286697755223e-01,-1.081218932865396221e-01,2.612423767694441734e-01,9.889768374507910964e-02,5.809557362837567546e-02,-1.015390178010156935e-01,-9.118698512847352167e-02,-2.702586683838257425e-02,5.888006296147452884e-02,-9.981827221958805563e-02,1.638018412548769287e-01,-1.294550854884636004e-01,2.396208627642822456e-02,2.439667642409442533e-02,2.026803193643443024e-01,-9.781714508839876865e-02,8.357331895342316741e-02,1.625708390696885275e-01,9.680479601332409034e-02,-1.125260063091776397e-01,1.939176323606409125e-01,-2.354991196140903409e-01,-3.013267216734137263e-02
-3.171126049308412020e-02,1.724819457888174257e-01,1.557436483145164807e-01,-1.197587044934357720e-01,3.073327471117072718e-01,1.663349164746429076e-01,3.880922729929531939e-02,-1.564454308320667453e-01,-1.778930003724931153e-01,-1.300428415189469333e-01,2.890481924796480667e-02,-1.198425581290858133e-01,2.851084937907519823e-01,-1.396756453797803887e-01,9.721004298899647844e-02,3.825358911735644851e-02,2.349490720430057189e-01,-1.559285104094079999e-01,6.595238560373468950e-02,1.041650751152749244e-01,1.429411441003808902e-01,-1.786876661092428875e-01,2.991171784324088700e-01,-2.830343387423049917e-01,-2.291587165049313937e-02
-3.359906298016459431e-02,2.108111429264591941e-01,1.519683054309543813e-01,-1.271876231357359222e-01,3.320661254574658328e-01,2.169557614183716954e-01,2.586552495609525590e-02,-1.880944495929926241e-01,-2.310736698365477015e-01,-1.972969307402445416e-01,8.839860220570152152e-03,-1.257189938378710792e-01,3.584492583661472165e-01,-1.439244006591825775e-01,1.320003304373240094e-01,4.663391250221727430e-02,2.560249600529763137e-01,-1.923467961760884914e-01,5.519748220202858047e-02,6.930498701745166357e-02,1.716486956579483525e-01,-2.138554624734996523e-01,3.546232195499430251e-01,-3.061499008265386457e-01,-1.222632828964755926e-02
-3.284175231142328483e-02,2.310631928796247070e-01,1.434064556122564282e-01,-1.316969769139753332e-01,3.370903425354210836e-01,2.481906645982952797e-01,1.982696958418473862e-02,-2.017437591355428217e-01,-2.555798461763074680e-01,-2.346337866688609219e-01,-1.890913752313467958e-03,-1.203092389432060816e-01,3.940891735028635434e-01,-1.418572185033801225e-01,1.394203402978688444e-01,5.115235495435663249e-02,2.666159187545976694e-01,-2.104160509290509129e-01,4.975357307596221107e-02,5.571960023082146024e-02,1.855965281515696841e-01,-2.264166414693717655e-01,3.746012949719726981e-01,-3.080489979321866523e-01,-1.202837659912758773e-03
-2.680826310789459141e-02,2.274912671569211120e-01,1.233061977109087409e-01,-1.335723843388907928e-01,3.060825861888811783e-01,2.585957873395810513e-01,2.375091303898159076e-02,-1.890057020899849616e-01,-2.406033331071689430e-01,-2.395957949563562728e-01,3.345840419284973701e-04,-8.964995762898896048e-02,3.833979581343454623e-01,-1.241708916197860751e-01,1.046312238681063045e-01,4.982420396566311638e-02,2.648138607354094121e-01,-2.036243235042869415e-01,4.926162095774207217e-02,7.812933038582695056e-02,1.786589871136075591e-01,-2.056986179653251812e-01,3.441279241949884993e-01,-2.703277410821348647e-01,1.539816519884017187e-02
-2.205065091178728259e-02,2.091676773048191662e-01,1.156963917967604172e-01,-1.310520727715897837e-01,2.798646704967530652e-01,2.436731289762243402e-01,3.035476304292305041e-02,-1.674704113635759051e-01,-2.105369508638534615e-01,-2.147648716830423410e-01,1.041579159630021817e-02,-7.068118474484677560e-02,3.470742722684835302e-01,-1.126563661952982437e-01,7.253057746482886869e-02,4.404692339681503394e-02,2.568615117947931070e-01,-1.839509658632562106e-01,5.278160986222718565e-02,1.065630296682451850e-01,1.618389469917992374e-01,-1.792023450193392098e-01,3.043747008465054193e-01,-2.414085495362121581e-01,2.005647967791248168e-02
-1.644410970966004096e-02,1.838318976264908255e-01,1.107102416029408509e-01,-1.265415494325370649e-01,2.518365595397954460e-01,2.199840669032256946e-01,3.805844216719259099e-02,-1.390244472612010840e-01,-1.711879131265937048e-01,-1.768064179783314371e-01,2.414949600844950098e-02,-5.212602759901779209e-02,2.958127410023221882e-01,-1.015780172937854886e-01,3.512663834333263485e-02,3.544614537386002462e-02,2.466382283976102652e-01,-1.570651482376998198e-01,5.818994089135301473e-02,1.412968842523673330e-01,1.390337380011538726e-01,-1.455351513675230968e-01,2.537203888412372099e-01,-2.110586516966975468e-01,2.259600266356982107e-02
-1.025386364240471124e-02,1.543576126518003966e-01,1.081933519473491645e-01,-1.205212632220179769e-01,2.245701156345417671e-01,1.908727758899471660e-01,4.585161031724031139e-02,-1.061054321207658552e-01,-1.264194508522507310e-01,-1.297165968823229265e-01,3.987909465885476623e-02,-3.502460809684740384e-02,2.340114011858926146e-01,-9.177848970522534122e-02,-5.074190825505191238e-03,2.479134938357453397e-02,2.354027027334637812e-01,-1.256419266843587512e-01,6.497393981314592004e-02,1.789183809396814595e-01,1.124524575375679541e-01,-1.071348954052009639e-01,1.959460055995848049e-01,-1.815807941314609708e-01,2.348442928346183151e-02
3.030787278338717590e-03,9.170343704535967311e-02,1.087363004528174165e-01,-1.060053962991849286e-01,1.774438489035183864e-01,1.266865595585349724e-01,5.961365871111636711e-02,-3.491668573968820244e-02,-3.234293479510964159e-02,-2.217254927541754267e-02,7.260918657992859737e-02,-6.504205917066985601e-03,9.518965415966758326e-02,-7.691843955212919470e-02,-8.654048187242328882e-02,2.542409718490837170e-04,2.129109266476427176e-01,-5.758617378958728189e-02,8.064586475868978921e-02,2.534744105227547672e-01,5.506198346423496481e-02,-2.419798344177610111e-02,7.216657147923932758e-02,-1.295476360987235787e-01,2.193804114751415207e-02
9.834115893935645170e-03,6.125427449621338033e-02,1.108690884661344828e-01,-9.833098456702263346e-02,1.583692566313615047e-01,9.495217347529850971e-02,6.521597554285110676e-02,5.430749428318869428e-04,1.319644909358525312e-02,3.300710295986726550e-02,8.826003420166218805e-02,4.993358984801005325e-03,2.473548178602453379e-02,-7.166788522470753098e-02,-1.254139740488625088e-01,-1.253678278021323582e-02,2.024318895116117845e-01,-2.374068775522494498e-02,8.873963608390300628e-02,2.878440494253448612e-01,2.663531122316161251e-02,1.739129322665746574e-02,1.109418351318023147e-02,-1.076439500375432623e-01,2.009067087244014241e-02
2.331295815830958934e-02,5.156814450501917904e-03,1.171520242358842778e-01,-8.337927488971236256e-02,1.284825641669718743e-01,3.619804169428647578e-02,7.397269239394686779e-02,6.743879714554366911e-02,9.683724764038464938e-02,1.382986584130860008e-01,1.168607095210868196e-01,2.343085086805348285e-02,-1.079791299375230662e-01,-6.446877406530324151e-02,-1.965013177625911933e-01,-3.758548715612024249e-02,1.836704546876538335e-01,4.004341588890512893e-02,1.042795345198150037e-01,3.486301437646574519e-01,-2.667841625474524220e-02,9.644763441448472863e-02,-1.022903796878684574e-01,-7.156716740119790920e-02,1.517119145301235733e-02
2.463951065886226671e-02,-7.697688644416376957e-02,1.230969999389953523e-01,-6.079788085518456758e-02,1.266553656261384386e-01,-7.635921172115647804e-02,1.055316518076072352e-01,1.246839640442367059e-01,2.126422545422609056e-01,3.403405303083270050e-01,1.601533046372111413e-01,-1.792169497439333875e-02,-2.879974779432263321e-01,-1.016530020640741411e-01,-2.985701848429591077e-01,-4.275158549244655048e-02,1.115604224530093863e-01,1.135689929964432965e-01,1.513785112207561845e-01,3.622747333662066360e-01,-7.765833020247685237e-02,1.788153754596840395e-01,-2.573106562626062965e-01,-7.920708056850606082e-02,-2.469966424909650349e-02
-3.491274609521365091e-02,1.366111952718080946e-01,1.876778310562619012e-01,-1.114180035141257019e-01,3.228972195692964564e-01,9.700004071383269699e-02,4.598386447485944273e-02,-1.358668582774391342e-01,-1.302068544904918801e-01,-4.804141260106377376e-02,4.613600253333598883e-02,-1.493603320703996984e-01,2.114501031538707498e-01,-1.525500726603392365e-01,9.725781810480024769e-02,2.758756829453163154e-02,2.208844481013562400e-01,-1.238775885044523101e-01,8.231052940929491080e-02,1.266370928360643355e-01,1.150612537173355404e-01,-1.569316568295527625e-01,2.698892303825101702e-01,-3.059656532878791690e-01,-5.435706081341563911e-02
-3.777326794489028333e-02,1.787238847435132227e-01,1.806320759386114139e-01,-1.196678650856620452e-01,3.449810288828645266e-01,1.524057522091949168e-01,3.403476385039634622e-02,-1.733421703314345919e-01,-1.900932152128005925e-01,-1.247429409473594930e-01,2.328919699954986461e-02,-1.537500872181165046e-01,2.970794300314612557e-01,-1.552308517390662279e-01,1.355870797226878255e-01,3.918311414980036461e-02,2.401432127077847423e-01,-1.659412451046411996e-01,6.876907444132576708e-02,8.532165129336595488e-02,1.487631224029539179e-01,-1.987298463516795066e-01,3.325690214732508476e-01,-3.268607265618278523e-01,-4.319926062229378916e-02
-3.884623112322091454e-02,2.047270386053210989e-01,1.634387467905997204e-01,-1.259913967012581681e-01,3.402825705351614216e-01,1.915272667140112683e-01,3.018319342517187392e-02,-1.955592892948304629e-01,-2.226935403544355596e-01,-1.789165439457716389e-01,8.373297438123339723e-03,-1.417278565462418427e-01,3.488504585693064097e-01,-1.477485495504297641e-01,1.458291277177950207e-01,5.005882061950157891e-02,2.467141105741449403e-01,-1.931550793236724850e-01,5.843536447257120098e-02,6.282252438567997865e-02,1.709392505035470800e-01,-2.202319393451902807e-01,3.600125148547849152e-01,-3.189335013480288916e-01,-2.889872491560616097e-02
-3.865221704491044602e-02,2.148060644031367927e-01,1.431868170320335920e-01,-1.300865486326114595e-01,3.176707774316762656e-01,2.113835160210671693e-01,3.253173123780420811e-02,-2.033295802867123858e-01,-2.309095394391928735e-01,-2.081880634003877850e-01,1.901179205453576481e-03,-1.206513979578301837e-01,3.693008355823793609e-01,-1.339833680822817841e-01,1.369606249617827121e-01,5.809483177496019973e-02,2.438859835211769633e-01,-2.049370508177318084e-01,5.167446696974532100e-02,5.848045853662840743e-02,1.808295498345778296e-01,-2.248750723255307782e-01,3.605325847848283582e-01,-2.926931951960164979e-01,-1.548483506711265806e-02
-3.683074917451466951e-02,2.101373955354798595e-01,1.257256975835067681e-01,-1.313020329249505458e-01,2.870442336235674574e-01,2.129625955364278234e-01,3.858856111985938669e-02,-1.968152909559072461e-01,-2.183805512924384684e-01,-2.111693281490922558e-01,3.677909405392370754e-03,-9.736853952812654645e-02,3.608220498800221998e-01,-1.190174403773651413e-01,1.142695954620922411e-01,6.095390659215765838e-02,2.356033855902069096e-01,-2.011982484423241180e-01,4.943561902402186098e-02,7.041050321376218779e-02,1.779646349407793815e-01,-2.141639783748584547e-01,3.389174452109784408e-01,-2.589501272721275726e-01,-5.140511892627579009e-03
-3.346141899713790668e-02,1.941593020426637395e-01,1.132981083407658962e-01,-1.296630043786809461e-01,2.554039540736882663e-01,2.006980631212727517e-01,4.627325732478181769e-02,-1.785907138311198517e-01,-1.908206124888784938e-01,-1.918952308844270593e-01,1.187065833826052644e-02,-7.582633591144959107e-02,3.291412993525045239e-01,-1.060594840933565680e-01,8.216910587895621954e-02,5.852011212097099624e-02,2.249482550160883665e-01,-1.849364334424252743e-01,5.159717008360325402e-02,9.405423879838077650e-02,1.645283989640376199e-01,-1.911506367245487392e-01,3.004979606005187542e-01,-2.247826904666773151e-01,1.875933551036391847e-03
-2.894155084971131858e-02,1.711978145833955856e-01,1.055532797416008778e-01,-1.257823598779156116e-01,2.263507669376617071e-01,1.799553642356279126e-01,5.419039778604176072e-02,-1.525832760066569427e-01,-1.543779708557196095e-01,-1.572038413192838879e-01,2.397842650830908640e-02,-5.736281536352630384e-02,2.815518027414758984e-01,-9.611364813099053384e-02,4.467052559819500307e-02,5.214986233724467485e-02,2.137804376531945161e-01,-1.605726648787524080e-01,5.705790813258383720e-02,1.241285446712032392e-01,1.441332629873518789e-01,-1.598508195864730974e-01,2.511260720915389211e-01,-1.934141461108637161e-01,6.227027725083184896e-03
-1.792387588600821702e-02,1.177668276374735923e-01,9.946090214946928798e-02,-1.142889353988166268e-01,1.800419530705338611e-01,1.290461363140977535e-01,6.809795781710842322e-02,-9.059271687367025094e-02,-7.279020887640870463e-02,-6.561059541381271398e-02,5.224518581633006559e-02,-2.920853127235796889e-02,1.636017426459852042e-01,-8.407124634680311626e-02,-3.471474841600765554e-02,3.337942031450460284e-02,1.931115744582928562e-01,-1.018146221560164572e-01,7.290033384010929929e-02,1.886495972943286192e-01,9.472826289139034406e-02,-8.589957492661401406e-02,1.389336745784033322e-01,-1.418870794792890244e-01,9.803495072219782849e-03
-1.191678749245633946e-02,9.117451929002888533e-02,9.920473554268138816e-02,-1.078134769648555480e-01,1.624806314632967486e-01,1.033704668815844802e-01,7.369737123365549536e-02,-5.880759284092535594e-02,-3.269450301059766834e-02,-1.659735222640000216e-02,6.627478376686488093e-02,-1.853555924368852428e-02,1.017392620563054018e-01,-8.078204703123835484e-02,-7.303683726690436695e-02,2.287895565979870469e-02,1.841032401534311858e-01,-7.167466523149687574e-02,8.152043330216887651e-02,2.192690142155156174e-01,6.945802723734854911e-02,-4.766033154739467148e-02,8.255957467601945932e-02,-1.212721315018725626e-01,1.000105050601276385e-02
-5.781533768086860765e-03,6.582973568169994683e-02,1.000049652466221961e-01,-1.013068834308800126e-01,1.479430748516960548e-01,7.886688651891385349e-02,7.842832346519269804e-02,-2.793055437722057055e-02,5.431956404901419622e-03,3.165007048066133949e-02,7.963428561446823928e-02,-9.503752263221997010e-03,4.124027589933125515e-02,-7.862323230383423678e-02,-1.092752519065244149e-01,1.230601567090912167e-02,1.759787506378593380e-01,-4.241133226470069489e-02,8.995556308124823264e-02,2.478424755440636895e-01,4.502958467334042952e-02,-1.022047216066316114e-02,2.837514380266674408e-02,-1.034672120541013374e-01,9.525935598694763168e-03
6.517912949918196024e-03,1.972107372963947947e-02,1.035059699936097116e-01,-8.880218580645665716e-02,1.257958742565470356e-01,3.430783962509591917e-02,8.571148730324600062e-02,2.960134397668020764e-02,7.469488757493589204e-02,1.222282039673520115e-01,1.039757243628165184e-01,4.980929551779265767e-03,-7.140738559467094126e-02,-7.635426371823637870e-02,-1.745228047590556553e-01,-8.257829832180737031e-03,1.620115910584900565e-01,1.211995598361649724e-02,1.055256975378167789e-01,2.986175420337855990e-01,-1.466374156177764675e-04,6.018185857249984394e-02,-7.073926464660434954e-02,-7.452202018147288665e-02,7.197844237101812259e-03
1.256682174623945623e-02,-1.076834053384848229e-03,1.058313200815476224e-01,-8.293365592794095520e-02,1.173177281419175849e-01,1.422331024746032249e-02,8.848263002265245591e-02,5.605451049027977001e-02,1.058752503455505367e-01,1.638371104821063629e-01,1.149991967092161838e-01,1.090671772350279740e-02,-1.227060475348950436e-01,-7.581514097651566308e-02,-2.035498517257522122e-01,-1.808362046481156934e-02,1.559688703840544088e-01,3.721788150038434634e-02,1.125421088232470140e-01,3.210740346641653975e-01,-2.078054453082210651e-02,9.272408799795431311e-02,-1.153004509733595445e-01,-6.266535847162947592e-02,5.553768074445034932e-03
4.518141647867793265e-02,-1.198599581429080213e-01,1.150409532186935785e-01,-4.811486537516457968e-02,1.073236195598172710e-01,-1.015555681298336704e-01,1.103914013421025131e-01,1.892878035344632004e-01,2.821937972987856313e-01,4.271583753481311696e-01,1.852175087293594924e-01,3.388607605532442408e-03,-3.937352821539286674e-01,-9.777721238173146812e-02,-3.884184020436200480e-01,-6.616859666214476576e-02,1.003891525669358825e-01,1.673994219857653787e-01,1.685809064169957738e-01,4.092034076090554917e-01,-1.245056514220111848e-01,2.622289221068775378e-01,-3.753636837710908614e-01,-4.877871730525281530e-02,-1.638789629098196671e-02
-1.888913756466431212e-02,2.556830748746210039e-02,1.972759900903801600e-01,-8.661145586700473575e-02,2.641534325292229646e-01,-3.799985475645861754e-02,7.568290134724132978e-02,-2.870899297670874775e-02,3.670547801126054083e-02,1.617763263997128442e-01,1.048563413472017036e-01,-1.302000988737715692e-01,-3.368622781585375869e-02,-1.428164001376664438e-01,-2.946739498117754985e-02,-5.869445892470526345e-03,1.664685133678628359e-01,-1.050469950894550829e-02,1.198838820384444254e-01,2.341073002449066132e-01,2.381077166573689757e-02,-2.679064521694630302e-02,7.175359317567529815e-02,-2.438489474394149870e-01,-7.735490810373157888e-02
-2.989649932524649292e-02,8.399126753775155996e-02,2.144428085668795836e-01,-9.777701012210618381e-02,3.252844536684336707e-01,1.604525582921482660e-02,5.633104400155055508e-02,-9.289636111924572115e-02,-5.697580655267801830e-02,6.456768831372512729e-02,7.342953191437021077e-02,-1.667659080034948338e-01,9.588732474462104138e-02,-1.596935308523955432e-01,6.765622814140814789e-02,8.361932352956720146e-03,1.986910693106339332e-01,-7.125714240018229950e-02,1.019443387272018775e-01,1.690517986258585903e-01,7.183816672146221827e-02,-1.082966450719813206e-01,2.020169443677603538e-01,-3.111694363516427919e-01,-8.334978892885722135e-02
-3.450290051743492431e-02,1.313450150326254673e-01,2.081113549658836770e-01,-1.068568372931611443e-01,3.508852978629654062e-01,7.473583045727345830e-02,4.451847842498897478e-02,-1.394623413601160933e-01,-1.277434953510491467e-01,-2.214491033587010632e-02,4.707247225062090312e-02,-1.746916334711526853e-01,1.986894360822724359e-01,-1.633232346446965855e-01,1.177646573042575862e-01,2.319916518682966361e-02,2.178954111373956060e-01,-1.208828378322873015e-01,8.486255753138129132e-02,1.181950877838557346e-01,1.119610187191569933e-01,-1.619834533983888492e-01,2.811757287340769240e-01,-3.369403844953401950e-01,-7.465464649568755162e-02
-3.820834230001134840e-02,1.675491710772581411e-01,1.837963536109725182e-01,-1.157414117622924676e-01,3.418664559309105844e-01,1.261440476855193449e-01,4.141950621876876876e-02,-1.751074995070973084e-01,-1.761034811020309732e-01,-1.005096285249116872e-01,2.562440066606889652e-02,-1.596013549232413731e-01,2.778006173617950658e-01,-1.528053526198098755e-01,1.380749940387871189e-01,4.169143345861979488e-02,2.229228825257459912e-01,-1.620407251841958218e-01,6.815861630206575261e-02,8.100363865376404571e-02,1.462909481497778885e-01,-1.988865169787301102e-01,3.261667851819270991e-01,-3.250710683314181892e-01,-5.768687610052983250e-02
-4.082223658116660575e-02,1.890312756654675963e-01,1.333354219219354819e-01,-1.258672302710856783e-01,2.805794405697479843e-01,1.666288297694558940e-01,4.962544044867561732e-02,-1.933569961411326921e-01,-1.917166841674795563e-01,-1.664678122180489606e-01,1.060710614044184201e-02,-1.098586371814254531e-01,3.232234826374988934e-01,-1.204675963746321132e-01,1.163068647947304857e-01,6.319197047380396837e-02,2.092113307338932804e-01,-1.886816883396158218e-01,5.230223287545715527e-02,6.787227697204492594e-02,1.700371336749359752e-01,-2.117460954987054056e-01,3.234972403966637766e-01,-2.574673743446944663e-01,-2.674712288555642151e-02
-3.094092805524815276e-02,1.370822041350528153e-01,1.050116306803753063e-01,-1.184299618191733822e-01,2.047463846158767697e-01,1.261871258191780143e-01,6.861225791524189210e-02,-1.273722060311670290e-01,-1.031363938080775838e-01,-8.431833793005116817e-02,3.767510854628439848e-02,-6.026111396545006521e-02,2.058930460493254011e-01,-9.866972309946550612e-02,1.120878850322413849e-02,4.923002961202636169e-02,1.814792242866494487e-01,-1.295126103656197569e-01,6.996386778204871648e-02,1.379683505921850961e-01,1.206895495731467871e-01,-1.300649380010523992e-01,1.907025047989950317e-01,-1.742500012724492175e-01,-6.482605897002744443e-03
-2.065651254917564780e-02,9.312257707095045189e-02,1.006554816270519848e-01,-1.079536762583622744e-01,1.744081593181532608e-01,8.844095564194075221e-02,7.826066723971182582e-02,-7.164786350364416023e-02,-3.560547840501349093e-02,-1.454848834514230627e-03,6.155395937609017126e-02,-4.082797268946721653e-02,1.013264905424822726e-01,-9.550493312434742144e-02,-6.141038155045382835e-02,3.191361268732494788e-02,1.676211900568887192e-01,-7.786695999687558156e-02,8.772535189969928038e-02,1.899725469542610512e-01,7.717935475137766010e-02,-6.162676521203702684e-02,8.969594890170995427e-02,-1.375723444596883283e-01,-1.665789458946906939e-03
-1.520737752387956235e-02,7.252976697711085996e-02,1.001302222837942291e-01,-1.025380097301874516e-01,1.630943209321190634e-01,7.077060617924625652e-02,8.205564469480171319e-02,-4.512691706650104329e-02,-4.338284160337538796e-03,3.895518680194816341e-02,7.279329309741150444e-02,-3.321896415567541366e-02,5.086543413955228049e-02,-9.514023213469174900e-02,-9.453806080046603388e-02,2.321634244549079448e-02,1.619049844729420762e-01,-5.320547933944709540e-02,9.605772236163238886e-02,2.136685823706524212e-01,5.652561856177494570e-02,-2.858955598083362526e-02,4.247745000270851390e-02,-1.228739816867821938e-01,-5.421376488431720519e-04
6.426404691761315909e-03,1.758963794419110245e-03,1.029871658267555445e-01,-8.251782230397645967e-02,1.319469262222160988e-01,9.590440959813225849e-03,9.244793623280210537e-02,4.766851533163222326e-02,1.027339854466953611e-01,1.816679120321068319e-01,1.116582042936193481e-01,-1.015662419003089505e-02,-1.261434050452604205e-01,-9.567852043435871867e-02,-2.044465584030108474e-01,-9.034805011213446757e-03,1.440037062141783786e-01,3.367692060139603621e-02,1.234546547866390287e-01,2.934171405995402715e-01,-1.528868351962704188e-02,8.865260740823618923e-02,-1.181096203162775166e-01,-7.870173927524926061e-02,-8.921697826549443823e-04
1.064586302941177981e-01,-2.433457119543587788e-01,6.071292263880270768e-02,-1.791085063558053858e-02,2.102919646310925927e-02,-1.411000392523741043e-01,1.287661228636135247e-01,3.945183920344331741e-01,4.850458217911171599e-01,6.492126517871555924e-01,2.573192683222594868e-01,9.900803321639950472e-02,-6.764600697119158568e-01,-8.572166468347509893e-02,-6.730536479766586755e-01,-1.315710376576685048e-01,8.406537461259731836e-02,3.308908524326319989e-01,2.288235310297500880e-01,5.600189813126784655e-01,-2.775883524978245420e-01,5.168169374337869826e-01,-7.132403454184759184e-01,7.701991122811635559e-02,3.746555213378170712e-02
-3.649185045556085916e-03,-2.941598639819140854e-02,1.981965977846674165e-01,-7.207116173229406730e-02,2.382865695185715782e-01,-9.284537949849966387e-02,8.677650564190654559e-02,3.386932701469121815e-02,1.209312458863599088e-01,2.672565266493767133e-01,1.350901306697962767e-01,-1.159463330271806453e-01,-1.612821367933468530e-01,-1.376963193467616864e-01,-1.082603589194249261e-01,-2.781632513975580007e-02,1.421864938665071965e-01,4.948775941402289158e-02,1.388163397125555532e-01,2.882717953318869042e-01,-2.455638676057529668e-02,5.164964229205696450e-02,-4.475501377747186788e-02,-2.117978889721191249e-01,-8.282914638425455112e-02
-2.594006634847146470e-02,7.207479958778643947e-02,2.361933981206028599e-01,-9.042536385868772675e-02,3.528738947410856031e-01,-1.245880909526471056e-02,5.511920573457319839e-02,-8.810538913193377564e-02,-4.662155904794696576e-02,1.036387247569500736e-01,7.817348897478275382e-02,-1.908505433555787167e-01,6.668206718561907331e-02,-1.698921346867584559e-01,8.132693705080609736e-02,-7.716484545277112542e-04,1.933000157988473133e-01,-5.964817255591273876e-02,1.051868072126341119e-01,1.673486482014125420e-01,6.245407715579147367e-02,-1.050357816875166356e-01,2.025015274689882794e-01,-3.405250549047342812e-01,-1.051237933758378956e-01
-3.209142894609273017e-02,1.177326304119070688e-01,2.104768112713309713e-01,-1.011657604775750008e-01,3.476106768464048979e-01,4.835459551136388895e-02,5.174732033337703374e-02,-1.372793220213787413e-01,-1.120895843363257233e-01,6.627002297551063542e-03,5.073929581920380572e-02,-1.786728578580931703e-01,1.730671782631081901e-01,-1.604831245022839414e-01,1.164260781635430148e-01,2.337967468553086778e-02,1.993735459107567887e-01,-1.134466421569892136e-01,8.303824240353252506e-02,1.154970335943467097e-01,1.074730171285225022e-01,-1.587582204507843320e-01,2.700483319547408723e-01,-3.336009140968566600e-01,-8.865858038916063499e-02
-3.771286811266931494e-02,1.500924721851787103e-01,1.759955563192124317e-01,-1.113801677315677530e-01,3.184708742235727863e-01,9.486895654565886959e-02,5.366505960384861107e-02,-1.703674463863769362e-01,-1.510734399452774435e-01,-7.076734573828941111e-02,3.035225101396119701e-02,-1.525411821973726989e-01,2.456638981774460495e-01,-1.427721342328425735e-01,1.256100434880790540e-01,4.571431957597205803e-02,1.953985422526663129e-01,-1.523135531641570395e-01,6.571925056692359823e-02,8.223882614433897231e-02,1.410190683693167968e-01,-1.921721514825477928e-01,3.025273812551969033e-01,-3.015494800384913021e-01,-6.769155931256538861e-02
-4.043498157344500854e-02,1.617837834026654986e-01,1.494325921030852933e-01,-1.175601444398131495e-01,2.864954575140528092e-01,1.158282041871601525e-01,5.756807971776941452e-02,-1.786717140955545458e-01,-1.580190097217034906e-01,-1.035222917640931384e-01,2.215673047085756422e-02,-1.279420659837156582e-01,2.680234543708999162e-01,-1.282163146148124211e-01,1.123907559483751095e-01,5.651182083843579729e-02,1.878364383486490485e-01,-1.650682699225660688e-01,5.955955019641531040e-02,7.486522190788963416e-02,1.526096364115074044e-01,-1.980454065152287280e-01,2.980291153340806631e-01,-2.672447783448346215e-01,-5.028299347744815545e-02
-4.030738269076476060e-02,1.578589214688701781e-01,1.324169349377253557e-01,-1.195229737966583272e-01,2.593207931019128609e-01,1.185033542750777297e-01,6.220416672274563935e-02,-1.689577624775635833e-01,-1.441108224752570555e-01,-1.016390399937016770e-01,2.350915175549667460e-02,-1.087054939197770048e-01,2.551170574152434312e-01,-1.193067450519588180e-01,8.541304686574158200e-02,5.788203607513492388e-02,1.800819376086386370e-01,-1.588304714520478167e-01,6.196859690357497258e-02,8.494200156804555812e-02,1.477545929554807680e-01,-1.842803262179172619e-01,2.694967607706689194e-01,-2.380063358834343112e-01,-3.747069585292005928e-02
-3.813860964356585725e-02,1.455537006853910853e-01,1.217780887775181120e-01,-1.184618290531646440e-01,2.377093974149292466e-01,1.119795592347539864e-01,6.688981421587071596e-02,-1.498790815765760898e-01,-1.205615012129968994e-01,-8.090651437871337892e-02,3.009830530081722064e-02,-9.392723245476726490e-02,2.238024460067856991e-01,-1.145767526318642454e-01,5.225809461435402398e-02,5.418260847992362877e-02,1.731910060721421063e-01,-1.428820537149249892e-01,6.871706748372606588e-02,1.031352079688267059e-01,1.343810129672124432e-01,-1.601689493273171783e-01,2.293865062106309194e-01,-2.139214411542435523e-01,-2.818838950010879238e-02
-2.572924664134124823e-02,9.571468380351240424e-02,1.075689368120377742e-01,-1.074181206711301295e-01,1.960787007538392634e-01,7.826047239202783834e-02,7.848021693150877831e-02,-7.942323268863667185e-02,-4.004856712912902017e-02,1.444623223934666384e-02,5.822196732534466040e-02,-6.461472131467276003e-02,9.991010251422617616e-02,-1.117131876301463711e-01,-4.878857214887517141e-02,3.411374259802080200e-02,1.581127377865203798e-01,-8.069449426917123247e-02,9.409870016890167777e-02,1.659675136322669997e-01,8.168054794982181066e-02,-7.180244348340571181e-02,9.766773102675752050e-02,-1.623934519145078248e-01,-1.273444510150109274e-02
-2.086972422220292889e-02,7.937452803759448283e-02,1.056347056765151587e-01,-1.029777992929756109e-01,1.867657914301394384e-01,6.670560172887164685e-02,8.142181873195163122e-02,-5.678828390427832773e-02,-1.484364461924853745e-02,4.709041273748789530e-02,6.752000808023504719e-02,-5.754696853731120637e-02,5.876981082397003675e-02,-1.121257280325290151e-01,-7.892467091466627560e-02,2.703325290462510119e-02,1.543974771307385918e-01,-6.032304452724674554e-02,1.018802024549513574e-01,1.855343740915244843e-01,6.448108947331421259e-02,-4.290649202445796784e-02,5.684652676940233490e-02,-1.495875238807568841e-01,-1.001639499345285608e-02
-1.595960437704406834e-02,6.377397802524759074e-02,1.044187603461561031e-01,-9.855975293275646976e-02,1.787086301424107571e-01,5.548181130107007059e-02,8.399554762199729074e-02,-3.527046896626687134e-02,9.085648961386328173e-03,7.856896269879939942e-02,7.639755083951740855e-02,-5.122329769258861243e-02,1.925227573785564042e-02,-1.126755008445875228e-01,-1.069199544339204389e-01,2.014404732372805304e-02,1.510706189241489417e-01,-4.080596881595023595e-02,1.090488627932922061e-01,2.040343435804261862e-01,4.807264396649430643e-02,-1.519530813853858277e-02,1.839752705894703508e-02,-1.381481305581640784e-01,-8.046903153211328388e-03
-6.268066245708201270e-03,3.478457006779718530e-02,1.034586663855796562e-01,-9.007548068756179860e-02,1.651046243532599545e-01,3.397705455496590615e-02,8.827908608971837823e-02,4.474270541889044731e-03,5.342845964512760865e-02,1.374508967155911587e-01,9.287918188234872696e-02,-4.012679841119796975e-02,-5.448365701705872033e-02,-1.137160414290251248e-01,-1.570290681313907533e-01,7.054005814669865766e-03,1.451694679381055619e-01,-4.362530035453658118e-03,1.216411412886648641e-01,2.381101503434093214e-01,1.766031479531159423e-02,3.644284809635701949e-02,-5.167465084038896928e-02,-1.182581569847301339e-01,-5.777172355036730607e-03
3.056755530719369035e-03,8.368632918577950663e-03,1.038239230960351228e-01,-8.220407732478909879e-02,1.536762990962659003e-01,1.347208562248998487e-02,9.170364526739248345e-02,4.038860206678676623e-02,9.377547887013402972e-02,1.910338853890937438e-01,1.078745410215545680e-01,-3.045892692548251776e-02,-1.214860086076213347e-01,-1.143590294045318673e-01,-2.004543245965920706e-01,-5.190338415877702137e-03,1.398497146633508881e-01,2.899558462976932136e-02,1.322360413373500354e-01,2.688918171872462515e-01,-9.884462753104119107e-03,8.330959459657311106e-02,-1.136936046590311944e-01,-1.012061933140927100e-01,-5.125184960719099403e-03
1.011019267956557166e-01,-2.273882850941439659e-01,6.847625714241488415e-02,-2.095027908852586940e-02,3.521176444345611167e-02,-1.346559359213755636e-01,1.247618125816141038e-01,3.703820868517863074e-01,4.598189812899056705e-01,6.246850818429199315e-01,2.486150961881331833e-01,8.655250840082173713e-02,-6.453594271700753282e-01,-8.658092203239362017e-02,-6.418222100748283143e-01,-1.253039313249751374e-01,8.663946856682636088e-02,3.111579536039331129e-01,2.199849990004689726e-01,5.412990370430901255e-01,-2.577309003576176427e-01,4.881863364727421217e-01,-6.779212880988576551e-01,5.918624364171307800e-02,3.082009711444309852e-02
-1.410975613046766379e-02,8.299350513977843402e-03,2.591724591747960882e-01,-7.317138755478548584e-02,3.465324232637991275e-01,-9.681266254761293488e-02,6.510643015723871496e-02,-2.514463269665867529e-02,4.479594353707975346e-02,2.322467991593044623e-01,1.127389137506534106e-01,-1.980932681490628067e-01,-8.051681021831198770e-02,-1.727059931798816117e-01,2.737711074252612356e-02,-2.840305406616596209e-02,1.683104692504899524e-01,9.268717477249470080e-03,1.280971743513182326e-01,2.268856619700765631e-01,6.895606055505681085e-03,-3.312155819620744845e-02,1.018182686502307893e-01,-3.331775891417238511e-01,-1.293762755373475404e-01
-2.136993843416166994e-02,5.571013256353784387e-02,2.428692904954252163e-01,-8.299130650536080955e-02,3.555770978732040732e-01,-4.086540793170736346e-02,6.059286342799157649e-02,-8.114709248096303729e-02,-2.907106384630022897e-02,1.393077997469475415e-01,8.350371650438778715e-02,-1.977660658385137493e-01,3.297040562147370013e-02,-1.696333924871718246e-01,7.925376784053474177e-02,-4.759221549387315266e-03,1.767911982639625845e-01,-4.731749055371611140e-02,1.042999601415648125e-01,1.681107299983655712e-01,5.406873004095565788e-02,-9.776465125095955278e-02,1.881917125267643098e-01,-3.428528077955545483e-01,-1.206113239571167672e-01
-3.667760846684381404e-02,1.273257497968723617e-01,1.719334881656318093e-01,-1.064783254809865271e-01,2.984499171980157239e-01,5.868079127120707367e-02,6.431490561023739394e-02,-1.547777366445077796e-01,-1.163831597405700496e-01,-2.515521317869500936e-02,3.844677283779929927e-02,-1.483268450734105404e-01,1.957430458186326938e-01,-1.383784365440994257e-01,1.035167784339956210e-01,4.360427339551908865e-02,1.696382171821475271e-01,-1.319565834448014896e-01,6.955840846525064569e-02,9.202044867670286510e-02,1.268692411892549665e-01,-1.746026805771845880e-01,2.635391547654415412e-01,-2.822188204591064009e-01,-7.598645423479830074e-02
-3.883800941635084242e-02,1.309820017179784690e-01,1.366851743680072839e-01,-1.133473190144093368e-01,2.541168835958562133e-01,8.008402444355984529e-02,6.959809566247743273e-02,-1.423780397128835973e-01,-1.032405616857981906e-01,-3.723247411374562554e-02,3.576270968440120601e-02,-1.149494090276751701e-01,1.893820401497958994e-01,-1.268681831590671993e-01,5.566976743101460789e-02,4.841148326768274918e-02,1.602804396609867899e-01,-1.286594501718763828e-01,7.578493381858070199e-02,9.976680083489479489e-02,1.244631746290401630e-01,-1.547143578707959599e-01,2.173496926708832211e-01,-2.337246420134469205e-01,-4.585250664346679494e-02
-3.645435788540104388e-02,1.219688476924783715e-01,1.274159368636990919e-01,-1.123424996044527224e-01,2.395984186351244050e-01,7.921144262138739289e-02,7.232268259473911831e-02,-1.247154702102636209e-01,-8.518647688881389457e-02,-1.968101090169306969e-02,4.130011458661399237e-02,-1.036311429632974512e-01,1.630839171075791905e-01,-1.255229681650998352e-01,2.495775098784909496e-02,4.452196114127202065e-02,1.568728916020212527e-01,-1.150105740551499584e-01,8.329355282304107266e-02,1.139430164457397171e-01,1.128523698610792436e-01,-1.318299615965652094e-01,1.813192155974418518e-01,-2.158833096991034095e-01,-3.619875722157255699e-02
-3.291334505065258292e-02,1.105505971620659444e-01,1.210044611574686707e-01,-1.098956645976524316e-01,2.282521047306961537e-01,7.551204036793446317e-02,7.487350851897288384e-02,-1.051720638196690649e-01,-6.539331407223700210e-02,3.128895120658690531e-03,4.830333831035915626e-02,-9.432839602225398523e-02,1.320596216420420743e-01,-1.253608872337564906e-01,-5.591745464989071948e-03,3.932685488987702066e-02,1.541103579603564366e-01,-9.908511430219933691e-02,9.108712238400927530e-02,1.298070408278257926e-01,9.926222271782017548e-02,-1.066424073640253323e-01,1.440780514145399149e-01,-2.007995680354101031e-01,-2.894458386853755380e-02
-2.877251757250797251e-02,9.823945642658410415e-02,1.164448674831550790e-01,-1.066958477896898655e-01,2.189971709431288160e-01,7.035034909769821709e-02,7.720285778507249286e-02,-8.540369739524908410e-02,-4.530921834067479920e-02,2.799725594620347882e-02,5.579601939890749956e-02,-8.639057798084125162e-02,9.945553533074054375e-02,-1.257781454359159501e-01,-3.478962703258962896e-02,3.365923869593103607e-02,1.517970752880812846e-01,-8.250569242301464268e-02,9.858713545115342647e-02,1.460076482871306702e-01,8.510467712579493360e-02,-8.102041989455108228e-02,1.075322267228590589e-01,-1.877342910229319317e-01,-2.342490304581045651e-02
-2.437054466717635329e-02,8.575777297162481827e-02,1.131331216165416403e-01,-1.031493738258345977e-01,2.110995999859892613e-01,6.436750342740021891e-02,7.932108778539263827e-02,-6.613484229986460461e-02,-2.551887022860458223e-02,5.336144189700018498e-02,6.332318318698616777e-02,-7.940382450274600934e-02,6.676625073837742785e-02,-1.264413553604230578e-01,-6.223388325353655659e-02,2.791327374554462837e-02,1.497739008247964410e-01,-6.600668839746294536e-02,1.056028442985744026e-01,1.619720068650559730e-01,7.102855629684887151e-02,-5.582807233643834882e-02,7.243658579485670601e-02,-1.761538330473556846e-01,-1.917434771706547081e-02
-1.989846258114787506e-02,7.342951090014425419e-02,1.106983046198441040e-01,-9.948353688659515581e-02,2.040885583645041801e-01,5.787017246536291237e-02,8.125819228538867789e-02,-4.763574887873656821e-02,-6.232809407972069934e-03,7.848293870065742306e-02,7.069012785303740998e-02,-7.310170640049262758e-02,3.466703992000549212e-02,-1.271646659666762769e-01,-8.787959854270852023e-02,2.226374126287319899e-02,1.479229363435687616e-01,-4.989436900058456109e-02,1.120984880224947106e-01,1.774811040635206894e-01,5.731331967550696432e-02,-3.143241621274244640e-02,3.902035516963592299e-02,-1.656791268083769031e-01,-1.587758860829547800e-02
-1.545746800536430300e-02,6.138540083395956082e-02,1.089073780914976836e-01,-9.582065872832835896e-02,1.976718344308715514e-01,5.101226466974914664e-02,8.304511699669714364e-02,-2.996557888485879353e-02,1.249489019891585756e-02,1.030312415522204872e-01,7.782611813949734392e-02,-6.731051952781973158e-02,3.435993024157985975e-03,-1.278449071883220045e-01,-1.118265966972738779e-01,1.677656416791713581e-02,1.461616530889990606e-01,-3.427438254257123701e-02,1.180959678451841827e-01,1.924718743701427093e-01,4.406249903565735704e-02,-7.961903827870453823e-03,7.285801528875382460e-03,-1.560453258168718049e-01,-1.332119345577944224e-02
-1.109718809317104989e-02,4.966651823237907409e-02,1.076096840965545115e-01,-9.222379711086589604e-02,1.916720787497157574e-01,4.387926713324862699e-02,8.470716131253334946e-02,-1.309289984728640756e-02,3.067024430281044614e-02,1.268731265591633850e-01,8.471642718837833763e-02,-6.191537778774255929e-02,-2.683373494543759424e-02,-1.284264783922669240e-01,-1.342208570975554627e-01,1.146551791777886652e-02,1.444350692079440501e-01,-1.916307366856010580e-02,1.236352634773431464e-01,2.069455627202360093e-01,3.129858482665445057e-02,1.456469903923192713e-02,-2.285222668765245907e-02,-1.470692478620433674e-01,-1.135784116023244063e-02
-2.688963937493564060e-03,2.719909980539307257e-02,1.061206681284139614e-01,-8.533173681291260360e-02,1.805456064945792638e-01,2.899854778518380638e-02,8.772531626569021745e-02,1.852215906674587603e-02,6.546301225662803924e-02,1.723122402053020863e-01,9.780135091780452206e-02,-5.202905685446938128e-02,-8.446748797549472054e-02,-1.292001854221457302e-01,-1.749363910478785311e-01,1.326077358519280611e-03,1.409624953432337957e-01,9.622257819700417297e-03,1.335070976384827579e-01,2.344421184653210088e-01,7.169072242291969765e-03,5.691415624630907777e-02,-7.877606721094561337e-02,-1.306249261978314480e-01,-8.817042927831378329e-03
5.107854058359000832e-02,-1.315336525405619572e-01,1.378297277004079113e-01,-4.340881364155282224e-02,1.361064457839590291e-01,-1.237806845482715828e-01,1.056942116007254656e-01,1.998480935100262479e-01,2.946237436220403016e-01,4.553314711936248260e-01,1.941371407918096315e-01,-1.744468294419642199e-02,-4.158867417742394545e-01,-1.071509349251931059e-01,-3.801984030151952521e-01,-7.791218830958687724e-02,1.052486775550389858e-01,1.799208538914562616e-01,1.739413759878921106e-01,4.137365762091950727e-01,-1.343472607517942896e-01,2.706161408266403723e-01,-3.760922187142287099e-01,-7.582594749393097022e-02,-3.238861217534087095e-02
1.375456264117434074e-02,-7.801337533010949121e-02,2.104528613933705217e-01,-5.654086390164371478e-02,2.363895338990011086e-01,-1.426511133750097415e-01,9.094500585124469516e-02,9.136848105084850735e-02,1.909104164647297541e-01,3.639762054961955817e-01,1.629268385596589763e-01,-1.155711947720112903e-01,-2.731790361697544745e-01,-1.390193772516302995e-01,-1.675005765762221654e-01,-5.394183707876514661e-02,1.260496921890748856e-01,1.042519247846442759e-01,1.560633413886118870e-01,3.323403172373373127e-01,-6.918339735725105577e-02,1.206736847240247185e-01,-1.394572013732342242e-01,-2.035094241552443950e-01,-9.453587128469737033e-02
-7.599034426667793281e-03,-1.204027764350530487e-02,2.742754412041513712e-01,-6.373784619735041457e-02,3.595013218725696680e-01,-1.306347189055923619e-01,6.753558561714119446e-02,-1.118317868663463999e-02,6.658170134602807433e-02,2.782338666742275035e-01,1.207833451190126889e-01,-2.117038957898881579e-01,-1.262930438763695540e-01,-1.768931136067543874e-01,2.588653359865535422e-02,-3.883314720612805054e-02,1.554377980426850936e-01,2.909356439274998068e-02,1.303867391568576117e-01,2.337729462760362309e-01,-7.992929159747671000e-03,-1.959663814434123297e-02,8.314056848801990030e-02,-3.462211705317407295e-01,-1.486030806771292678e-01
-3.574354799068654026e-02,1.049528273348691726e-01,1.725251619151269844e-01,-1.018901853467044094e-01,2.880666856657667640e-01,2.574672888280686231e-02,7.166982748718117580e-02,-1.343033389750341311e-01,-8.156726470775015059e-02,2.538014905856125075e-02,4.757888876666983152e-02,-1.495534834086530152e-01,1.414266881465895132e-01,-1.410392290086018297e-01,7.897137140080610906e-02,3.720397025728311435e-02,1.502351464214417009e-01,-1.078001886959313871e-01,7.872048491513254642e-02,1.042445127679151456e-01,1.087355385628601817e-01,-1.520639920860633321e-01,2.201192760110422808e-01,-2.730171425516632611e-01,-8.227111643251237838e-02
-3.792089839954441294e-02,1.127418642397171045e-01,1.540067318494939552e-01,-1.069602024882151392e-01,2.703844979749911448e-01,4.493680424180603733e-02,7.239258985736812813e-02,-1.317335864574704918e-01,-8.251746746084566431e-02,1.069832216669163588e-02,4.368161396529540719e-02,-1.348916731228785026e-01,1.489814322850035455e-01,-1.379051733084267761e-01,5.813012639254905300e-02,4.065553828840314660e-02,1.487361053927081511e-01,-1.109718534633802461e-01,8.238267439765468991e-02,1.022377937551042365e-01,1.113551795480270390e-01,-1.460722057125837525e-01,2.030779898073177547e-01,-2.531120810082670425e-01,-6.475466109386088243e-02
-3.430927939406767935e-02,1.070073517635742044e-01,1.326006496139843505e-01,-1.077306779767183420e-01,2.479581224256332816e-01,6.029082698880693092e-02,7.454507278308622475e-02,-1.060635844241191866e-01,-6.319949263256367800e-02,2.472001115905577903e-02,4.909083549749088810e-02,-1.138320214663821744e-01,1.207457014014878677e-01,-1.368519416215228379e-01,5.714882246631416800e-03,3.626441950399337394e-02,1.471474794785849471e-01,-9.518410912096990362e-02,9.498188385792620536e-02,1.182272409027983473e-01,9.777302965926354394e-02,-1.107264710482164377e-01,1.477024077769707455e-01,-2.230470817828022478e-01,-4.171834507826953364e-02
-3.065907781978653365e-02,9.948146869008506199e-02,1.262669168365119221e-01,-1.057465913341386343e-01,2.401831308830713885e-01,6.198119073297225085e-02,7.577868199583358277e-02,-9.005213155702360139e-02,-4.952492218989390516e-02,4.078218975817365921e-02,5.438885841229849916e-02,-1.057036701304692600e-01,9.803826883149119320e-02,-1.372841174944747500e-01,-2.043752283759191907e-02,3.201418069263112925e-02,1.466378180983957391e-01,-8.314514189252368570e-02,1.014090415518987126e-01,1.299964337492527100e-01,8.741015350179481835e-02,-8.930695333387669854e-02,1.176190723424897638e-01,-2.110790688785160463e-01,-3.423634171772103885e-02
-2.660814957699368308e-02,9.076204202660588527e-02,1.215680242335731714e-01,-1.030996753156760426e-01,2.334807832481511913e-01,6.147464063545973051e-02,7.703959205582262826e-02,-7.384335528201584065e-02,-3.491647014099143187e-02,5.904978728427143220e-02,6.020700136556517840e-02,-9.854471488969039628e-02,7.341424615232435003e-02,-1.379185540931234522e-01,-4.537647626086210167e-02,2.741154868918253482e-02,1.461498996405928286e-01,-7.031092101875126288e-02,1.075180112652804887e-01,1.425357737211369880e-01,7.634139638492964952e-02,-6.755982531546592118e-02,8.790202227296131654e-02,-2.003971699052524702e-01,-2.844277122348949985e-02
-2.244377643836492631e-02,8.147450645143687609e-02,1.179874632624356295e-01,-1.001327442941920554e-01,2.273798385932253308e-01,5.943395840141596498e-02,7.831102756371274842e-02,-5.793673946239295824e-02,-1.989219368180958347e-02,7.829352582215991230e-02,6.618629513229899730e-02,-9.208462267378236810e-02,4.805270267766965225e-02,-1.386078822997361404e-01,-6.893807114478527065e-02,2.275257540137703288e-02,1.456127338278241923e-01,-5.725825387986101245e-02,1.132684792068364560e-01,1.553236896456021421e-01,6.507853730498606992e-02,-4.608130157188264353e-02,5.900615682109711796e-02,-1.906404848685114284e-01,-2.387308528506464772e-02
-1.830944112111069014e-02,7.194481921889608889e-02,1.152051179531497771e-01,-9.703706759618632716e-02,2.216167858799661106e-01,5.626409301457872825e-02,7.958719567913329074e-02,-4.252375212049395309e-02,-4.718457015187894031e-03,9.787407250767204969e-02,7.215888827907666891e-02,-8.614543539023826468e-02,2.254792550767241444e-02,-1.392667877516205743e-01,-9.114802587939679901e-02,1.816788035174872126e-02,1.449830546593680047e-01,-4.425724982427951815e-02,1.186685464352312952e-01,1.681043175817152346e-01,5.387402135412976134e-02,-2.513062259174259766e-02,3.108994997354097914e-02,-1.815644972481246511e-01,-2.022213364174225633e-02
-1.034893323169228281e-02,5.275821480334664387e-02,1.112996559693212456e-01,-9.082903430731149863e-02,2.106159835303256511e-01,4.750585131621958002e-02,8.213900879374678998e-02,-1.330841621186871181e-02,2.556358046071887172e-02,1.368667291804365194e-01,8.383414485646516201e-02,-7.539434207525079479e-02,-2.784079038307266801e-02,-1.403168517040933594e-01,-1.318973130591046539e-01,9.370538824374488249e-03,1.433642642309298776e-01,-1.881635556229036693e-02,1.285035424614805744e-01,1.932104684488429869e-01,3.205546121573166901e-02,1.486598446491258461e-02,-2.173179406618175671e-02,-1.648604186600904908e-01,-1.493243087751711454e-02
-6.549868280665830343e-03,4.324011970801266980e-02,1.099579565362046735e-01,-8.780142694440615236e-02,2.052806920622337605e-01,4.223413339225780966e-02,8.340493684410055231e-02,5.448065335864454286e-04,4.053458407119190504e-02,1.560038747678939297e-01,8.949951482954358883e-02,-7.044737824937838400e-02,-5.248848907838440242e-02,-1.406663304979164919e-01,-1.506446231570931216e-01,5.155471041386683155e-03,1.423640906457883937e-01,-6.440108068251701109e-03,1.329819251502973587e-01,2.054456730973497902e-01,2.151730050204349320e-02,3.389385008802511118e-02,-4.669330161285353137e-02,-1.570557285581766771e-01,-1.305840405554517525e-02
-2.866894596987427848e-03,3.381727530387621666e-02,1.089323130277977253e-01,-8.484827511182532755e-02,2.000387578472302974e-01,3.651810940006411377e-02,8.465606466677180753e-02,1.394871215965594498e-02,5.533515011938920647e-02,1.748116729608382158e-01,9.504714144738456161e-02,-6.572933667362201859e-02,-7.669376591848350855e-02,-1.408892578244379523e-01,-1.684296253434433011e-01,1.043752864201204743e-03,1.412420200644431967e-01,5.698707361373983593e-03,1.371930983508798663e-01,2.174429139036568037e-01,1.124004400126446361e-02,5.229601277166865542e-02,-7.073836972802960421e-02,-1.495472529622803859e-01,-1.159332314962368410e-02
8.884421003403990269e-02,-1.964958806654529822e-01,8.934708130869879750e-02,-2.728528065896218199e-02,6.847723731170889117e-02,-1.276539107731947953e-01,1.168375147990578788e-01,3.196176159369660263e-01,4.084122700716970034e-01,5.743315197324427857e-01,2.319044678701416562e-01,5.574855361030957995e-02,-5.783916359324469125e-01,-9.128649697727790613e-02,-5.690249014241318681e-01,-1.126443461485018144e-01,9.316444147464325587e-02,2.710536285066311724e-01,2.036700114769720849e-01,5.020661413707279142e-01,-2.180702150676732121e-01,4.250220013887350823e-01,-5.950853992015834315e-01,1.736944431958516513e-02,1.279479212905488238e-02
1.357966200082122432e-02,-8.644125717670340936e-02,2.418638394732606778e-01,-5.109898424215252727e-02,2.739485732328998391e-01,-1.731157421624751613e-01,8.595845331799623068e-02,9.129793982555423071e-02,1.939903464678616463e-01,3.897485414186218078e-01,1.673375050138590503e-01,-1.487981794804853486e-01,-2.908870406516383400e-01,-1.520953492709161969e-01,-1.331874243961057858e-01,-6.378838247401780182e-02,1.265605392873828672e-01,1.124871089082888492e-01,1.602606041668203085e-01,3.304354903281644940e-01,-7.585679005462452051e-02,1.132201150829964809e-01,-1.177772983375322963e-01,-2.458150538139805275e-01,-1.208219776840235571e-01
5.974347115839354246e-03,-7.000270198811131550e-02,2.896303401357741558e-01,-4.871316191977313748e-02,3.475328075138037764e-01,-1.954889908052281355e-01,7.377961200836523348e-02,5.614243488826442530e-02,1.535123149802540554e-01,3.848191918569138781e-01,1.545260581961010460e-01,-2.096123816889091107e-01,-2.598854567749663280e-01,-1.766414498725229765e-01,-3.948912884911137677e-02,-6.736964221316261991e-02,1.366561420412701899e-01,9.542265503936103732e-02,1.542875694650708840e-01,2.957680832985166708e-01,-6.197330721016457850e-02,5.892054315885626031e-02,-2.588855505444426219e-02,-3.309296515573583175e-01,-1.616828393685893761e-01
-1.736815577633583213e-02,2.494416322709235370e-02,2.352782146764036963e-01,-7.324699878674734155e-02,3.281091474779065376e-01,-8.915730358757774365e-02,7.726837103316137878e-02,-6.801996434013513060e-02,9.256977075795714757e-03,1.921701401903795903e-01,9.116408794941523175e-02,-1.901485901754784713e-01,-2.720591064489878350e-02,-1.590066670424639950e-01,5.882426404476777393e-02,-3.218622220543097649e-03,1.356827003221602879e-01,-2.614870565794987292e-02,9.963745151735486916e-02,1.706135961594186790e-01,4.191765683481625537e-02,-8.362915250373137432e-02,1.464237899621992078e-01,-3.145953121914424333e-01,-1.367439546509875148e-01
-2.894656219580500622e-02,6.492896642228701554e-02,1.992915990951193150e-01,-8.845261136860955997e-02,3.022975733100046192e-01,-3.489982997431258227e-02,7.737584796894043937e-02,-1.040137108986581016e-01,-3.489371621459525646e-02,1.105790084264964140e-01,6.734644965854193199e-02,-1.689701252787093044e-01,5.691066402381002309e-02,-1.501490715236971363e-01,6.760498040189745483e-02,2.032608975602862370e-02,1.355532445631880134e-01,-6.835347117281272145e-02,8.876908824260469622e-02,1.307892871202693819e-01,7.741837275759801129e-02,-1.214983224493974834e-01,1.803517237863145051e-01,-2.892136862610812931e-01,-1.092966551210139831e-01
-3.506427681698516541e-02,8.743927487765378037e-02,1.744147000022742422e-01,-9.831491522344748546e-02,2.849614837771759501e-01,1.769442623151725727e-03,7.621788857127521910e-02,-1.154624123780668143e-01,-5.398848616190791289e-02,6.866261021386033114e-02,5.535484273278436923e-02,-1.536003157658019647e-01,9.565400838766167924e-02,-1.472764211384870459e-01,5.723521679337655044e-02,3.032614145414482681e-02,1.368955709628148498e-01,-8.683199797010220100e-02,8.913439842406624403e-02,1.133727154942357068e-01,9.265803496762821390e-02,-1.312696746224009392e-01,1.821399469950404637e-01,-2.705862513780225576e-01,-8.621884397331555649e-02
-3.649329030861279966e-02,9.769828133926482250e-02,1.572746585289296894e-01,-1.032638031970715825e-01,2.733265266522000858e-01,2.590409261256586618e-02,7.531860969910295078e-02,-1.135311947317753506e-01,-5.948047365314619583e-02,5.163883781463295825e-02,5.117590466228637280e-02,-1.415188233683256358e-01,1.077114874596246941e-01,-1.465001925103387170e-01,3.819539874915568040e-02,3.316617825709398254e-02,1.385828518365848361e-01,-9.158861580664341695e-02,9.321267046824187330e-02,1.088336216149038971e-01,9.647074097336759413e-02,-1.257984970815575199e-01,1.689311583699776576e-01,-2.555862242351412128e-01,-6.854008673330067025e-02
-3.188159631842482633e-02,9.821777680602515603e-02,1.369146002641981885e-01,-1.043398785472183926e-01,2.586748215309037091e-01,5.079637592569156979e-02,7.491784759399904015e-02,-9.297874064964421759e-02,-5.082604295779961229e-02,5.535007048167987082e-02,5.430226129531458973e-02,-1.229779453266272582e-01,9.304312112905101240e-02,-1.467166529236333117e-01,-6.869542743368445108e-03,2.961531251334727222e-02,1.414969529373659163e-01,-8.179850728437752794e-02,1.033547498647739704e-01,1.182675349039231660e-01,8.790621700243450576e-02,-9.593043021450950447e-02,1.258688614654763227e-01,-2.318501870746225713e-01,-4.565024138387429459e-02
-2.813607801796229671e-02,9.356118999464076158e-02,1.306908370381990592e-01,-1.027173955564811558e-01,2.531424945719109587e-01,5.622268062926704529e-02,7.522169417122129276e-02,-7.985525249766456390e-02,-4.168613170533409795e-02,6.607916842171064620e-02,5.830070277581394372e-02,-1.154783271604599010e-01,7.687497852541967658e-02,-1.471596335761204410e-01,-2.926773339428866832e-02,2.611080457551952227e-02,1.425287915876845279e-01,-7.277967834966296568e-02,1.083994944612522993e-01,1.271483292183929747e-01,8.004766909697248745e-02,-7.770575819470414147e-02,1.016718900161183714e-01,-2.219284343280255034e-01,-3.816672462258124260e-02
-2.418090357279455843e-02,8.738486452040272745e-02,1.259438612109516076e-01,-1.004841247819492078e-01,2.479725478242597592e-01,5.880820702732366539e-02,7.575118794308642600e-02,-6.637851798857426211e-02,-3.095949347295683801e-02,7.942345703553149727e-02,6.289299632210335056e-02,-1.087390994138798805e-01,5.818408574114519727e-02,-1.476808771458497926e-01,-5.081876071787369553e-02,2.230746974701605656e-02,1.432608053672934367e-01,-6.271964591692066882e-02,1.132985717822957011e-01,1.371816071519910973e-01,7.124967999534138896e-02,-5.901642004953191328e-02,7.720137433708287866e-02,-2.127894640842120932e-01,-3.228551728506982160e-02
-1.640395643788257127e-02,7.272311680422920144e-02,1.192076878383725586e-01,-9.525919056533949103e-02,2.378379865173129715e-01,5.830601437709635043e-02,7.729315063329454671e-02,-3.982182943101342937e-02,-6.893348718801933436e-03,1.098545105263270955e-01,7.272623042415843342e-02,-9.683415570382528093e-02,1.730261900838664033e-02,-1.487167049300648636e-01,-9.106460215419172333e-02,1.465224256694474918e-02,1.438768365439274666e-01,-4.139711182934473904e-02,1.226025651269796735e-01,1.587447481852108655e-01,5.257834236793741678e-02,-2.197541213510031954e-02,2.895569455298177899e-02,-1.960175704179266121e-01,-2.369973990514014431e-02
-1.271119676212658506e-02,6.480811470616151815e-02,1.167582949128763564e-01,-9.253075532999227581e-02,2.327244236522265919e-01,5.608328209191187214e-02,7.823678425408574222e-02,-2.698603555505094467e-02,5.856091879010316692e-03,1.259163131996796359e-01,7.772253893074432263e-02,-9.144840439568427404e-02,-3.888678587624935703e-03,-1.491529234780926416e-01,-1.098159007946650917e-01,1.094381274794863253e-02,1.437971205890356263e-01,-3.056412565043108501e-02,1.269949545848193806e-01,1.697956038706619208e-01,4.312231901675322304e-02,-3.967676711621437834e-03,5.500941956178446827e-03,-1.881458550765126581e-01,-2.052328043942595187e-02
-9.162799780879459302e-03,5.670268617580932757e-02,1.147481275171116644e-01,-8.980863123058736852e-02,2.275690561883140783e-01,5.291538252775979112e-02,7.925962285416630893e-02,-1.447708440260352461e-02,1.885128373129659959e-02,1.421881102507579486e-01,8.270389194615695994e-02,-8.634859418655981000e-02,-2.523752252070616403e-02,-1.495029640182645170e-01,-1.277261084978218997e-01,7.331129542330993946e-03,1.434864046404241700e-01,-1.974426824777732528e-02,1.312085194273540367e-01,1.808644734085338990e-01,3.371954514081840909e-02,1.361543749912825542e-02,-1.741656404253946050e-02,-1.805308500957171769e-01,-1.790341311005064565e-02
-5.748658104105583769e-03,4.848981331239718418e-02,1.131000789462660583e-01,-8.712141265345353658e-02,2.223906721447030388e-01,4.899085588823432619e-02,8.033946600587064946e-02,-2.283877417770669317e-03,3.198065504791586244e-02,1.585225418240761297e-01,8.764940078659297362e-02,-8.149090353186660973e-02,-4.659898690329572490e-02,-1.497542149552796020e-01,-1.448496944471257541e-01,3.804406429241666276e-03,1.429666102673952666e-01,-8.981883931069941165e-03,1.352405455425073899e-01,1.918857426282088441e-01,2.441884244202536039e-02,3.075609212964762820e-02,-3.976509126759553148e-02,-1.731394514430937837e-01,-1.575120500627812115e-02
7.357631613211821709e-04,3.195406961835121212e-02,1.106852924251090359e-01,-8.190518090164493337e-02,2.120683685261114393e-01,3.942965292119633008e-02,8.259566701361825691e-02,2.122694129361057599e-02,5.832102830794647086e-02,1.910005973628111087e-01,9.739192726881233664e-02,-7.238434864615463094e-02,-8.896982359251821848e-02,-1.499401303888558135e-01,-1.769234557170274169e-01,-3.047777683306084669e-03,1.413885179202114262e-01,1.226865172092969462e-02,1.427570671237040068e-01,2.136189527960454526e-01,6.231058040818774832e-03,6.369699843594420208e-02,-8.268280866112646954e-02,-1.589598557409441226e-01,-1.259950506942110991e-02
8.225675624359529703e-02,-1.826573053558053494e-01,1.021744499541512446e-01,-3.019144526575168186e-02,8.712746011414713998e-02,-1.275716783046774716e-01,1.130791718422159559e-01,2.945671522869244274e-01,3.838375960930935360e-01,5.506098480727341649e-01,2.244137085967923273e-01,3.792214710442305681e-02,-5.450482716399278615e-01,-9.509716626199363199e-02,-5.290040438127490141e-01,-1.068317727981946130e-01,9.677488059981539936e-02,2.519795521040819053e-01,1.966965096784198119e-01,4.827389641204752335e-01,-1.996287520298493101e-01,3.924872337918220988e-01,-5.497205837511088822e-01,-5.953081275278978256e-03,1.701174012888883279e-03
3.663091861009738076e-02,-1.173692786905122937e-01,1.879031452177003514e-01,-4.496906018705817271e-02,1.993458593607557450e-01,-1.526784120717188109e-01,9.690254498329592403e-02,1.561368230743448160e-01,2.564444098896600521e-01,4.333699075759821495e-01,1.863821751058936660e-01,-7.775282511585843159e-02,-3.675385634967753279e-01,-1.271082506510054499e-01,-2.726793788530330609e-01,-7.471735407176208210e-02,1.135454227984973724e-01,1.539212732643299997e-01,1.688470581958027017e-01,3.797376747937026287e-01,-1.107276426415747528e-01,2.050763410731400449e-01,-2.659370270409127102e-01,-1.520103639119296246e-01,-7.479160361291346815e-02
1.744726045866266950e-02,-1.034407080827248054e-01,2.711531752790961036e-01,-4.266514407124601116e-02,3.057620243820208250e-01,-2.093757892898350237e-01,8.224174745164745948e-02,1.036036324162464412e-01,2.101192178117504972e-01,4.306247132614182682e-01,1.759262018996063937e-01,-1.771353310964739192e-01,-3.295880761044054919e-01,-1.634674201826321893e-01,-1.163873094609957082e-01,-7.835140604225628025e-02,1.227781987080469733e-01,1.317955661930787503e-01,1.668090173226929873e-01,3.378883897946519665e-01,-9.145980693947529383e-02,1.209896641490362662e-01,-1.198479572545344540e-01,-2.808098517504350466e-01,-1.462587876752381999e-01
1.287853505741530340e-02,-9.328999388830216954e-02,3.058182515929528944e-01,-3.877510655011436047e-02,3.591254117488013042e-01,-2.312403421230928846e-01,7.569964266243978113e-02,7.512350989763015574e-02,1.791590740602152509e-01,4.305243228903665731e-01,1.640348724194688468e-01,-2.223894825462626734e-01,-3.098878543795458573e-01,-1.805226391905865868e-01,-4.451979155426251389e-02,-8.011977014234274164e-02,1.238493801892731061e-01,1.195279643336372155e-01,1.577770481804398328e-01,3.078059314625289922e-01,-8.037352101143374616e-02,7.722538043260449014e-02,-5.095968618900614117e-02,-3.428397930312205855e-01,-1.809198784966964124e-01
-5.806050427080054147e-04,-4.491938119930288104e-02,2.761528891903962113e-01,-5.123166175963250746e-02,3.451868613971363353e-01,-1.796216384180742698e-01,8.107585004303027865e-02,4.571725745908158597e-03,1.017659415626841340e-01,3.327867544636947672e-01,1.297849622141716286e-01,-2.110149657479502561e-01,-1.877076091005304981e-01,-1.698374578810780688e-01,1.233446296351377661e-02,-4.228150917037328677e-02,1.198257824149900758e-01,5.316827265485019743e-02,1.250377074305918657e-01,2.390358647057949093e-01,-2.289365924576577602e-02,-4.045374278852217377e-03,4.693990142983506947e-02,-3.309222394362295594e-01,-1.699405965212596181e-01
-1.737235326545970640e-02,1.089856517213685753e-02,2.322484859553725911e-01,-7.040278283623335742e-02,3.161897162340603917e-01,-1.099985368705373306e-01,8.358528752609252488e-02,-5.800795951275882628e-02,2.978760081106325563e-02,2.188977644795135902e-01,9.521732463904078458e-02,-1.876656559502700439e-01,-5.888378183263727472e-02,-1.578175857036378249e-01,4.464237831221447989e-02,-4.305377406534335698e-03,1.196923272280157602e-01,-1.311009014889606174e-02,1.021331125041977372e-01,1.748924719147382512e-01,3.313103795053374406e-02,-7.283346757472733413e-02,1.201131506849726915e-01,-3.036072481740861306e-01,-1.406640146780765710e-01
-2.914092755532299989e-02,5.098169972958186552e-02,1.993488999461178190e-01,-8.604092826658572835e-02,2.975009595411427510e-01,-5.421974282299558967e-02,8.154809836017977431e-02,-8.942238248420676661e-02,-1.241626048585449740e-02,1.439174862318481074e-01,7.293000142179918710e-02,-1.711308042859021050e-01,2.021402315881423370e-02,-1.546851222820435912e-01,4.965225540151138595e-02,1.566398282630711292e-02,1.235345148702999135e-01,-5.185930734559337368e-02,9.694130913338019906e-02,1.372401137308184305e-01,6.495982677137097927e-02,-1.054506096841554552e-01,1.486143165768296637e-01,-2.854191417518413543e-01,-1.117727453516900449e-01
-3.486332038024426289e-02,8.816151270443749188e-02,1.598995742967959099e-01,-1.005501168050558780e-01,2.792173881869767782e-01,1.545648916471441606e-02,7.653877045369089638e-02,-1.000043377392447197e-01,-4.509484730389571455e-02,8.095168941657901462e-02,5.646381224354370121e-02,-1.478711796072339490e-01,7.915529242350285988e-02,-1.545520497182949482e-01,2.368548778438243213e-02,2.710038782387607162e-02,1.322400431042676794e-01,-7.784336187129355100e-02,1.016379372616141030e-01,1.112645163855576491e-01,8.612381722927976713e-02,-1.106555856587004144e-01,1.447342235401476163e-01,-2.601711661407629661e-01,-7.092445702357098869e-02
-3.267769720833597208e-02,9.312233800658407945e-02,1.486466955911049659e-01,-1.021168957066026090e-01,2.741543637747373419e-01,3.456583301717069262e-02,7.508451547555637651e-02,-9.341394769394681385e-02,-4.733208379814843325e-02,7.450210048386921025e-02,5.598609203707267945e-02,-1.387665756760804170e-01,8.158246506047381330e-02,-1.546549808578630003e-01,4.836347286188721548e-03,2.645258710151294004e-02,1.356241090039066455e-01,-7.736078011531975773e-02,1.052401301227525038e-01,1.115179561345702591e-01,8.561098277426650027e-02,-9.985178551032639072e-02,1.302027606524681635e-01,-2.500174568843525069e-01,-5.818210440980191994e-02
-2.929856163926180396e-02,9.334285385794136025e-02,1.405612189003237755e-01,-1.018056512980976824e-01,2.698817963222467364e-01,4.704666859259427902e-02,7.425647876583542362e-02,-8.384166010866690721e-02,-4.457784034552377678e-02,7.638732217497808119e-02,5.781041538681252340e-02,-1.307943754458429364e-01,7.530070616433419406e-02,-1.548232546892883976e-01,-1.469393900249549995e-02,2.420014380544716071e-02,1.383027939501033365e-01,-7.279925091667453774e-02,1.090138428718632757e-01,1.159943690491111734e-01,8.158025394366015537e-02,-8.569155515966676850e-02,1.122791446604141791e-01,-2.408419500262321544e-01,-4.866057526829876273e-02
-2.550304658092748117e-02,9.069674179018895332e-02,1.345018771488610543e-01,-1.004457301949139569e-01,2.657652611057568226e-01,5.490775233594324262e-02,7.391349337837448130e-02,-7.292946772794975385e-02,-3.863659914565769488e-02,8.320895644687034687e-02,6.086230476889564062e-02,-1.236736338334044755e-01,6.392743391456738589e-02,-1.550782114066090178e-01,-3.409394110434015718e-02,2.124412884358859582e-02,1.403682080042224778e-01,-6.599405072755318291e-02,1.128965436084083396e-01,1.229019438290148980e-01,7.554761598707269987e-02,-6.997902756656565471e-02,9.259102759754067602e-02,-2.323147631864176943e-01,-4.130469475867579177e-02
-2.166111229591783163e-02,8.628987986701046331e-02,1.297743746358931416e-01,-9.851499873514787953e-02,2.615248297485852635e-01,5.948247883385005680e-02,7.394428748596532097e-02,-6.150037605265119139e-02,-3.061101499650711877e-02,9.300088863624575430e-02,6.456620904648363579e-02,-1.171956541364819471e-01,4.951701720160162773e-02,-1.553990364672890589e-01,-5.303307835476595705e-02,1.803501621136751470e-02,1.419107025086387419e-01,-5.794682574527094954e-02,1.168465537232357410e-01,1.312211585057425356e-01,6.838198980336253341e-02,-5.362686556981849373e-02,7.202291616674473540e-02,-2.242160165034604580e-01,-3.543987316383936242e-02
-1.793079500206823731e-02,8.077099918433118531e-02,1.259644892571450681e-01,-9.628348996990943043e-02,2.570657915043540465e-01,6.165015402471871880e-02,7.426523445169654070e-02,-4.995335983034712712e-02,-2.118507997400012263e-02,1.046264403201732085e-01,6.861809710349932312e-02,-1.112121381395690251e-01,3.324166237008035346e-02,-1.557498135386478355e-01,-7.138898763520608315e-02,1.478244589581210675e-02,1.430046435427249907e-01,-4.920037434900752238e-02,1.208217337531896501e-01,1.403707455438136242e-01,6.057967172014443874e-02,-3.709790157408302674e-02,5.107089852027210664e-02,-2.164118622580251117e-01,-3.064838643520086808e-02
-1.436700904075466703e-02,7.452812247027042203e-02,1.228225314971582438e-01,-9.390383417884523576e-02,2.523820826685155838e-01,6.200297569565142025e-02,7.481237098629660298e-02,-3.847463604327084480e-02,-1.079741814010685974e-02,1.174125012466960272e-01,7.285641017808443254e-02,-1.056192132048088123e-01,1.578919962815251293e-02,-1.560948029842976759e-01,-8.912660364887739495e-02,1.157385688198141020e-02,1.437097044342371677e-01,-4.005329657227151008e-02,1.247817678456123874e-01,1.500113187035477247e-01,5.242855391965536155e-02,-2.063041943669429237e-02,3.002625361309993468e-02,-2.088255764299254413e-01,-2.666934253102945865e-02
-1.097707559747152471e-02,6.780136530335444112e-02,1.201937750595153398e-01,-9.146282975493563727e-02,2.475062304768710086e-01,6.095298631897661662e-02,7.553526899062872058e-02,-2.714584821095773759e-02,2.583958001354199111e-04,1.309445075891269294e-01,7.719359742908366018e-02,-1.003438555108340235e-01,-2.418391660615840447e-03,-1.564042643048478842e-01,-1.062457640437060868e-01,8.437295166491269593e-03,1.440749314161376415e-01,-3.067519303662267702e-02,1.286912942902750101e-01,1.599370802873602559e-01,4.410018163506130434e-02,-4.349989770818800568e-03,9.070121063942225212e-03,-2.014155978103202294e-01,-2.333475235402630160e-02
-7.748094333853292742e-03,6.074594229496611125e-02,1.179784537845176146e-01,-8.901012242769944238e-02,2.424846757264078889e-01,5.879752185318114222e-02,7.639310991513068028e-02,-1.599862265363486205e-02,1.177656633302523459e-02,1.449541789335404562e-01,8.158049991836045789e-02,-9.533407682258833449e-02,-2.110692513396354025e-02,-1.566557841374361937e-01,-1.227589860117336840e-01,5.373627183304884036e-03,1.441421161205356793e-01,-2.116727583715303021e-02,1.325212135958173387e-01,1.700170950589736385e-01,3.570039595608093946e-02,1.167504243072782499e-02,-1.167746327765779336e-02,-1.941612333976015514e-01,-2.053155856416468902e-02
-4.660140470771575484e-03,5.346728112162464630e-02,1.161090131651204421e-01,-8.657416840443424300e-02,2.373660674223092015e-01,5.575900566795798097e-02,7.735225635432185776e-02,-5.041850021208235319e-03,2.360621961723239487e-02,1.592580932077852507e-01,8.598789309479951126e-02,-9.055225333959177059e-02,-4.008623315329690184e-02,-1.568338197439459736e-01,-1.386824191279437957e-01,2.372711804068811537e-03,1.439479898500602151e-01,-1.159415603034447476e-02,1.362487354041378440e-01,1.801633768060672824e-01,2.729721745447045295e-02,2.740580730931252082e-02,-3.213194017741526076e-02,-1.870538874043131128e-01,-1.817959331062696249e-02
-1.692427299977712629e-03,4.604074466253825493e-02,1.145371351874327620e-01,-8.417121018579749869e-02,2.321960053414580949e-01,5.200937409872145867e-02,7.838471951484807243e-02,5.724864946725340131e-03,3.563228434848849518e-02,1.737237952198319446e-01,9.039693170895789220e-02,-8.597067580921331775e-02,-5.921554185978660650e-02,-1.569286639747196899e-01,-1.540324902955510777e-01,-5.787030760556507829e-04,1.435255046639861143e-01,-2.000533015235679557e-03,1.398568238957354493e-01,1.903133844688379706e-01,1.893633591174379016e-02,4.281891937761356237e-02,-5.223067913599747925e-02,-1.800917883039188094e-01,-1.621882459575734944e-02
1.174007218080096865e-03,3.852284301213600159e-02,1.132262749418367770e-01,-8.181038715856034371e-02,2.270149405390164687e-01,4.768532876261469267e-02,7.946714023411076411e-02,1.630477918591577771e-02,4.776414430441187214e-02,1.882508596921669830e-01,9.479422648167970533e-02,-8.156857742732659400e-02,-7.838456418472138088e-02,-1.569353216867551415e-01,-1.688249347139642309e-01,-3.493322774903496065e-03,1.429045394360126398e-01,7.580045482289726917e-03,1.433334278864761835e-01,2.004203069208202737e-01,1.064982073031613130e-02,5.789939476372617938e-02,-7.192570280650016634e-02,-1.732768312915322906e-01,-1.460193885547782927e-02
7.569920865870398419e-02,-1.706168777638480683e-01,1.163492410133722260e-01,-3.264420326384264576e-02,1.067666447779118538e-01,-1.300017884937619828e-01,1.095182503578934485e-01,2.709260721870866417e-01,3.611596100273264387e-01,5.294450039345434122e-01,2.178643452752365151e-01,1.893544309933061290e-02,-5.138571511761145238e-01,-9.975086370761662713e-02,-4.880496860799725667e-01,-1.018126124676022037e-01,1.003130774669669101e-01,2.345215271388959855e-01,1.907802964664966072e-01,4.644890389256080554e-01,-1.830086606854699205e-01,3.608992246953706129e-01,-5.038420694647673947e-01,-3.036253958081878979e-02,-1.054689319191916101e-02
2.361969731689783983e-02,-1.257493650091048021e-01,2.969373354942344001e-01,-3.267185125800572965e-02,3.304493059169626434e-01,-2.480658881463752574e-01,8.010806009577732534e-02,1.233992763935799902e-01,2.342816211808937676e-01,4.776799968118550788e-01,1.866724035734203258e-01,-1.999378130012643973e-01,-3.791195750224473082e-01,-1.724429569846160359e-01,-1.123129506793122817e-01,-9.494539211363509090e-02,1.153830476241180653e-01,1.574141536278560738e-01,1.740271557345326459e-01,3.511695086301752644e-01,-1.120072673403696012e-01,1.381881858666486051e-01,-1.378551986891284609e-01,-3.075471846853897739e-01,-1.699696683174016509e-01
-3.700911142663745244e-05,-5.709195883375871305e-02,2.721254097575059316e-01,-4.802339590552662935e-02,3.320905472153498628e-01,-1.971079102308106457e-01,8.790426194109696167e-02,9.797207112453560837e-03,1.160973871656089257e-01,3.501376826564462363e-01,1.322481205500349866e-01,-2.066350061592230614e-01,-2.093503573727551470e-01,-1.657418177833357431e-01,3.909308001237324706e-03,-4.072787293232458389e-02,1.038675192935543945e-01,6.153347408080193232e-02,1.228120668982810998e-01,2.400258073007898452e-01,-2.739679799808713775e-02,1.212441375222264800e-03,2.991836155670483249e-02,-3.181859046801948643e-01,-1.748429673868644729e-01
-1.826293238360515367e-02,-4.030695641772661969e-04,2.304159141798886590e-01,-6.874204231777343577e-02,3.086264395551773232e-01,-1.261240475678094275e-01,8.801746238419209944e-02,-4.791286949712190296e-02,4.757214321878103225e-02,2.427971617892792922e-01,9.881413593735444145e-02,-1.874776199212360439e-01,-8.677218464965454070e-02,-1.598300555986129357e-01,3.083206810806004075e-02,-6.276116221417063490e-03,1.079745331534450320e-01,-9.480798270658089607e-04,1.071332546668429114e-01,1.786768677755369850e-01,2.439491214559490542e-02,-6.184421316812584862e-02,9.499950800569297027e-02,-2.973470759205721348e-01,-1.425441821700997314e-01
-3.355899765721920280e-02,6.796325665591325393e-02,1.772360340659705491e-01,-9.399119224199208034e-02,2.902048588665427364e-01,-2.095920347292309222e-02,7.988777977110358974e-02,-8.925183026149309529e-02,-2.296876673664620047e-02,1.247548895194139640e-01,6.521567003949180208e-02,-1.632420955376368277e-01,3.849614105034092348e-02,-1.613231855421267680e-01,2.700034132217844426e-02,1.974293296651501509e-02,1.225267455474894490e-01,-5.980921011522181974e-02,1.059421679928919530e-01,1.198060470401356437e-01,7.213252613287335357e-02,-1.020229272216258420e-01,1.315957498067904519e-01,-2.747062001127474895e-01,-8.935064274364151737e-02
-3.301743098431960538e-02,8.244791232270494430e-02,1.620408576286856694e-01,-9.853240227148701846e-02,2.864716045515371956e-01,1.072832746488949253e-02,7.667810159391710845e-02,-9.010272752938958130e-02,-3.677918044293535665e-02,1.016117925599607508e-01,6.016235651401214551e-02,-1.535406632664950144e-01,5.996835372904266853e-02,-1.615165822880569868e-01,1.349409133063142995e-02,2.216218044604858356e-02,1.283786864086812196e-01,-6.824943398445916520e-02,1.077924499258612889e-01,1.110420051620020082e-01,7.914375390554015399e-02,-9.956779847456354027e-02,1.282328083983852729e-01,-2.656171700719998641e-01,-7.253026483432753468e-02
-3.026746867478718322e-02,8.907768320410716645e-02,1.514505491339795396e-01,-1.000582491509079824e-01,2.836132003505548171e-01,3.224249569178648522e-02,7.445641190551917366e-02,-8.518934532327980536e-02,-4.216037404604623673e-02,9.214940281802268263e-02,5.909273616019537767e-02,-1.449983838922744850e-01,6.647579741989441404e-02,-1.614398049759122322e-01,-2.441943480234248440e-03,2.162008836283163191e-02,1.329959103560884037e-01,-6.950229890892375972e-02,1.100448949086448441e-01,1.096453769344076790e-01,8.013301494197556940e-02,-9.070275220787864245e-02,1.181517266428473850e-01,-2.572862140647592111e-01,-6.031672145857024103e-02
-2.666760934340013656e-02,9.083903209332591655e-02,1.437532867900338518e-01,-9.985495132496149950e-02,2.807526600622585744e-01,4.662341019758901167e-02,7.304192554599751863e-02,-7.736170548788057211e-02,-4.205229572402749416e-02,9.104621765856507620e-02,6.023557140451767794e-02,-1.374003932574664466e-01,6.399852752173948445e-02,-1.613691401904025491e-01,-1.928993764034613728e-02,1.967135711606689610e-02,1.365801273204908239e-01,-6.665114078907516393e-02,1.126797446158613464e-01,1.126125443450177038e-01,7.753622200353846305e-02,-7.856670858934952650e-02,1.041527271060387755e-01,-2.494449272913570881e-01,-5.114169083774505742e-02
-2.287127735368239129e-02,8.958307844353918803e-02,1.378816323635049523e-01,-9.868348169793483837e-02,2.775313160845072069e-01,5.601627657412557026e-02,7.225239401257813054e-02,-6.812105072339043332e-02,-3.833643105193665357e-02,9.506328310513642577e-02,6.260058209084747027e-02,-1.305387379105222567e-01,5.607549807775830814e-02,-1.613949924290243310e-01,-3.634657739631488166e-02,1.712363071903424266e-02,1.393334439860730023e-01,-6.145145030640003503e-02,1.156530338636963667e-01,1.181704251466794281e-01,7.281698614327067332e-02,-6.479162031062778160e-02,8.784452962537316056e-02,-2.418956896328762762e-01,-4.397067251687477446e-02
-1.915893382825008956e-02,8.641160220856083929e-02,1.332077529218200496e-01,-9.697545095742837740e-02,2.738549758740998485e-01,6.184624280284249653e-02,7.194375272297379165e-02,-5.823312343771108041e-02,-3.219242160756159016e-02,1.022977684279261085e-01,6.565350996820208673e-02,-1.242477657411417691e-01,4.475012195030296513e-02,-1.615174991231052293e-01,-5.328182229049237273e-02,1.436782192032374540e-02,1.414150454908326970e-01,-5.487267229968215143e-02,1.188894494443323291e-01,1.252980252109056614e-01,6.682904917519730259e-02,-5.022307992752881450e-02,7.016734378920241877e-02,-2.345212016493530838e-01,-3.817266863289913575e-02
-1.563269867804709112e-02,8.198408606640496255e-02,1.293645230127226375e-01,-9.497499910652200394e-02,2.697469301530343588e-01,6.505931735856762543e-02,7.200697394926287853e-02,-4.808408732989723211e-02,-2.437123909814371825e-02,1.116210974460200567e-01,6.910553936853516821e-02,-1.184055589404592185e-01,3.122024243997774048e-02,-1.617052856240224767e-01,-6.993591298405850420e-02,1.158021515169395908e-02,1.429432938703111000e-01,-4.745452383023029269e-02,1.223072001027620120e-01,1.333998250677211339e-01,6.007369771399046626e-02,-3.530960424452914137e-02,5.169045844478633439e-02,-2.272617915260572163e-01,-3.336685613843139858e-02
-9.190910630140559576e-03,7.083483618767902334e-02,1.233785087741817582e-01,-9.059647126552408669e-02,2.605174668298900764e-01,6.600898486257192332e-02,7.293527035887997778e-02,-2.767926637274839216e-02,-5.514389567731235037e-03,1.340226519515145820e-01,7.663810812372404135e-02,-1.077417428196150995e-01,1.908431334545781469e-04,-1.621322090561574114e-01,-1.021157288540336799e-01,6.141012442297745684e-03,1.446740178091020790e-01,-3.121187045149071554e-02,1.294014040216036332e-01,1.512268294583697936e-01,4.535209815761567093e-02,-5.330008948465942732e-03,1.366109127471497840e-02,-2.130066620528677790e-01,-2.587797644429959062e-02
-6.238459643669945487e-03,6.454326922184905335e-02,1.210136966909956396e-01,-8.834683221878647519e-02,2.555505313515615273e-01,6.451919167791431153e-02,7.368451131494023476e-02,-1.756717857480212183e-02,4.944971051010486895e-03,1.463652181769648786e-01,8.057342460649746796e-02,-1.028114264042721687e-01,-1.653537592021811151e-02,-1.623117731031345212e-01,-1.175746751942163409e-01,3.507436714976614432e-03,1.450002838528121341e-01,-2.268840851036464309e-02,1.329659255668827200e-01,1.605801170666739108e-01,3.769376617531261520e-02,9.508082635887324732e-03,-5.481939108046405065e-03,-2.060083482478393124e-01,-2.294376490667483087e-02
-3.429887862201954317e-03,5.795072138903901299e-02,1.189794003235649655e-01,-8.610099845868411650e-02,2.504415742572149162e-01,6.207058565908940562e-02,7.456531806323596356e-02,-7.554745040035477401e-03,1.583499304155592396e-02,1.591628051738638583e-01,8.456866634289827989e-02,-9.809979308442343116e-02,-3.374460161971506306e-02,-1.624404529123000540e-01,-1.325912004270827227e-01,9.197345901316962904e-04,1.450317728577144305e-01,-1.401398117020300101e-02,1.364869132253508366e-01,1.700757004945188111e-01,2.995838181523970828e-02,2.416113082442959345e-02,-2.453067479261164877e-02,-1.991055364042964848e-01,-2.044406043734674910e-02
-7.401725443080363473e-04,5.114436891563611115e-02,1.172328394249708833e-01,-8.387584092779253042e-02,2.452485816878595126e-01,5.885014412967470160e-02,7.554385351733712561e-02,2.345721409147103181e-03,2.702061338668625481e-02,1.722620017271642157e-01,8.860002578896213066e-02,-9.358146330435622440e-02,-5.127070932808232978e-02,-1.625048792691102251e-01,-1.471574888261729386e-01,-1.634848261074131224e-03,1.448082273592030678e-01,-5.244945006832803409e-03,1.399351877197790583e-01,1.796398715644353661e-01,2.220261338660447364e-02,3.859160982809761026e-02,-4.339135560826330729e-02,-1.923081125124882773e-01,-1.832452305192359618e-02
1.852261722754423162e-03,4.419034924442813428e-02,1.157412610253121255e-01,-8.168147433954127401e-02,2.400202862296093032e-01,5.500574898500745769e-02,7.659228597538836336e-02,1.212687433470310307e-02,3.839575339383140967e-02,1.855448414749059638e-01,9.264981746375229588e-02,-8.923705420335059646e-02,-6.898291543898177336e-02,-1.624967525428683834e-01,-1.612697307473025254e-01,-4.168080093517679066e-03,1.443644756812232366e-01,3.575499068416445898e-03,1.432892642650425707e-01,1.892168721177575619e-01,1.446759528977924550e-02,5.277267046382472238e-02,-6.199115159956741089e-02,-1.856261809325349399e-01,-1.654188376530259241e-02
