-1.256370413278630471e-01,3.718851881510630286e-01,3.331069690613094880e-01,-3.656416934620842496e-01,-3.531791730008667085e-01,-1.036145852740895934e-01,-2.440997342110730328e-02,-2.857754427402012798e-01,2.259264014399109399e-02,7.411495823316734122e-02,4.571275880444160000e-01,-2.306201904763031767e-03,3.353433698533273000e-01,3.435489081546334589e-01,-1.788358899394684454e-01,-2.624826590798496895e-01,1.658347782640356982e-01,-2.671183338701938470e-01,-4.205707894230704957e-02,2.541990019724745808e-01,3.592417972385745228e-01,-1.573705986868438877e-01,4.845546537931520459e-01,-3.930913308178581311e-01,-3.057200068170084495e-01
-9.795059951718319835e-02,3.288443572415221672e-01,1.972930980048796523e-01,-3.225843629341830776e-01,-2.795211753061930815e-01,-8.645185303650324005e-02,-7.728777004969719124e-03,-2.481068543506519675e-01,5.745438162686510725e-02,1.473601036828018906e-01,2.768521863209610356e-01,-6.602411276498625081e-02,2.655312208981766564e-01,1.915515182239825032e-01,-1.479458834723592631e-01,-1.335445069490983350e-01,3.686540437362016698e-02,-4.540696668599596836e-02,1.878296170972847817e-02,1.618554274332250908e-01,2.217464659680320749e-01,-8.513633985722937614e-02,3.497314235213224709e-01,-3.123232944705424119e-01,-1.724730136200419983e-01
-5.626945274889463833e-02,2.471544635163526737e-01,1.154123799238723908e-01,-2.047548909147029195e-01,-1.851560349922426185e-01,-1.132577510735869805e-02,-1.383234902134519370e-02,-1.859521094920474349e-01,5.827868128958280103e-02,1.295451326711051510e-01,1.350372968200829749e-01,-5.153255614922261363e-02,1.717175011776562454e-01,8.137630557081047822e-02,-7.379473907736459892e-02,-4.148427740852548423e-02,-2.550747401864209701e-02,4.652388804444976961e-02,3.456632999738815798e-02,1.066536832076576680e-01,1.244628845829336278e-01,-1.519397445972275711e-02,2.186743922660853434e-01,-2.061089949823949330e-01,-5.357650541165698971e-02
5.291135117789409759e-02,1.282908076692554911e-01,-2.359741544714410999e-02,-1.367239573901968090e-02,-2.588946218657613499e-02,6.542179638459343083e-02,-4.213577933075560167e-02,-3.825568589569242756e-02,2.252801211979934062e-02,5.966711194016365710e-02,-7.009257799295388891e-02,1.730516827732108201e-02,3.402815911658398952e-03,-5.005760110561919413e-02,1.967295258409279546e-02,1.066539332291905201e-01,-7.315851890690074077e-02,1.153660345803585313e-01,6.261310807221455443e-02,1.780955676804443083e-02,-7.555205676835798946e-03,7.266588134895492213e-02,2.122126175403851386e-02,5.816224545899281555e-03,8.923089324068372852e-02
7.865722973648459071e-02,1.217499211754925065e-01,-4.268097821457719071e-02,2.039892996957436491e-03,3.293287960115613526e-03,5.799380125326071556e-02,-5.656910925595059342e-02,-1.112106972735667221e-02,1.027709381882911145e-02,4.247440081431898273e-02,-7.995718024358883236e-02,3.501713479904259435e-02,-2.758780347624272336e-02,-5.186580657707480502e-02,1.474003569100326705e-02,1.219005414462409204e-01,-6.575224564212375777e-02,9.712021267483172959e-02,7.640677489543648560e-02,1.620573240752130623e-03,-2.296146462042672823e-02,5.943105071485989266e-02,-1.033672008740308020e-02,2.620782633549088858e-02,9.543719881505750846e-02
7.579482331706727249e-02,1.340604993310989534e-01,-3.247121978712703277e-02,-1.558597782747440930e-02,-3.698729695882921591e-03,4.538593713477714203e-02,-6.006157815497611963e-02,-1.911469002916546533e-02,9.548261865420390460e-03,4.346635456619497850e-02,-5.704913772094208357e-02,3.402116544981069468e-02,-2.031313265260757325e-02,-3.565879069511022209e-02,1.701208875741871387e-04,1.090797211814571177e-01,-5.604090154870272622e-02,7.890266654706573624e-02,7.905541816414826672e-02,5.826736646693026281e-03,-1.281966905767229284e-02,4.056221275495273254e-02,1.284591985725952814e-04,5.748363715168744795e-03,8.028151674553671291e-02
7.369518007347926336e-02,1.397372095125855307e-01,-2.723244590657899339e-02,-2.395847809881663723e-02,-7.744095503445999618e-03,3.996662748068223470e-02,-6.119378614897735824e-02,-2.356040638676492119e-02,9.566773068621190965e-03,4.437590265406073098e-02,-4.638902971613588500e-02,3.307335939181565293e-02,-1.611460705388049683e-02,-2.829179553067453362e-02,-6.246528753215520660e-03,1.028032850482151622e-01,-5.185705481147601104e-02,7.117079470718416789e-02,7.976743541201883336e-02,8.255137314144893323e-03,-7.716663249831353863e-03,3.242669607900198342e-02,5.810890218256958492e-03,-4.125294266510083803e-03,7.323797451396543701e-02
6.957540345327843656e-02,1.493844296996711396e-01,-1.790065312150207130e-02,-3.839193196113566131e-02,-1.520590505534514733e-02,3.098744290590014008e-02,-6.281272448075136960e-02,-3.165932590787531170e-02,9.810638321844547538e-03,4.618885667851713867e-02,-2.810421574582765494e-02,3.115881178367511245e-02,-8.399566884802193989e-03,-1.577293417296501965e-02,-1.699910646931426447e-02,9.182915331223362454e-02,-4.487736658481074337e-02,5.836219659779606078e-02,8.060100624869963315e-02,1.274828837851436913e-02,1.314797041417683663e-03,1.888988779666298662e-02,1.609208453690190097e-02,-2.128652412621460238e-02,6.115473135113329295e-02
6.770174686227070637e-02,1.534144206299598301e-01,-1.387324660083112150e-02,-4.448476964493312119e-02,-1.848696979471204857e-02,2.728990782484084707e-02,-6.341230572827692702e-02,-3.519376377013889307e-02,9.962858685648600179e-03,4.700935511670156774e-02,-2.040045999039646896e-02,3.028341598456546491e-02,-5.020160200941244620e-03,-1.052837800147537334e-02,-2.146005251294349700e-02,8.715093131771375901e-02,-4.198081625542235407e-02,5.307457704316539959e-02,8.084108799906944420e-02,1.473004382342532267e-02,5.197530434661414185e-03,1.329274966933787806e-02,2.056343319234211001e-02,-2.857402934800216954e-02,5.606105233585275543e-02
6.597608911024092915e-02,1.569934644445864225e-01,-1.024045783362254047e-02,-4.992406723618522668e-02,-2.146775946868552387e-02,2.402363514145972739e-02,-6.391704392166704107e-02,-3.839392039101529458e-02,1.011501518903716763e-02,4.775942339887635085e-02,-1.352558152865735927e-02,2.947862384324038618e-02,-1.957329086057414506e-03,-5.858880719224360094e-03,-2.541330063903258010e-02,8.295533629367389528e-02,-3.940935487089625155e-02,4.839327930196580391e-02,8.100895704183440349e-02,1.653346447778160019e-02,8.693876380544356131e-03,8.336863373057999335e-03,2.460714545613008550e-02,-3.509854467909316600e-02,5.151329251500895434e-02
6.439485363645458538e-02,1.601810239498350774e-01,-6.963095362524667278e-03,-5.478984965642486743e-02,-2.417088236862505526e-02,2.112544907490510743e-02,-6.434813631573339798e-02,-4.128806061404043104e-02,1.026120160101677906e-02,4.844101445580113741e-02,-7.376134177427432458e-03,2.874356847572706597e-02,8.139721050170840508e-04,-1.689184706871847338e-03,-2.892953182728376024e-02,7.918818082766948541e-02,-3.711681314966910200e-02,4.422992079733929771e-02,8.112504434863254676e-02,1.817123391573759184e-02,1.184382545066002546e-02,3.930239550514733927e-03,2.826143218532749246e-02,-4.094893947872770695e-02,4.744337995596954044e-02
6.041336305534881351e-02,1.678932200135763164e-01,1.121005868596529126e-03,-6.664304504347993985e-02,-3.088239285309974519e-02,1.414325326524725965e-02,-6.533375479539095532e-02,-4.844483343219249671e-02,1.064517063756657486e-02,5.012948814935147546e-02,7.607108608573412596e-03,2.690703330986134872e-02,7.667995257823274381e-03,8.448891713890935989e-03,-3.742696901543821758e-02,6.996221177332755115e-02,-3.154748452255304314e-02,3.415662855341262266e-02,8.128443995605849626e-02,2.224624514578706080e-02,1.959781408990147675e-02,-6.722146666654591797e-03,3.729146720792188285e-02,-5.525032781223721684e-02,3.751733141564136953e-02
-1.870760688839183394e-01,3.726515358453086346e-01,5.038425675064471809e-01,-3.463869195439954751e-01,-4.099403854886837228e-01,-2.878278353595162958e-02,-3.384694942566956327e-02,-3.490592467994986237e-01,-2.060842556935862675e-03,-3.357976532706530987e-02,6.250205838596682995e-01,7.963807801678189635e-02,3.969122991604720485e-01,4.791149450703795498e-01,-1.601392955765495729e-01,-4.201438943703761364e-01,2.874569967797334646e-01,-4.947631050836064359e-01,-1.365564363523894820e-01,3.764232611741880619e-01,5.012146372972007269e-01,-2.150094902356274318e-01,5.956411506468425321e-01,-4.846420370447204751e-01,-4.081664461163232449e-01
-8.123133738945099991e-02,2.861483244075039845e-01,1.547707871378893874e-01,-2.635339390403087512e-01,-2.315086580577081776e-01,-4.435049134231474482e-02,-8.544896209399721262e-03,-2.214689332235218744e-01,6.267539090762525023e-02,1.443715059746277507e-01,2.009255553623665036e-01,-6.496270905329956658e-02,2.190647383082175714e-01,1.292213610447376926e-01,-1.082972507673738288e-01,-8.573688524753710072e-02,-2.314152058114722112e-03,1.256180793271759882e-02,2.794060817781156281e-02,1.326154760169690749e-01,1.680019498778078935e-01,-4.724152228913804097e-02,2.798755247008911651e-01,-2.625298642853660103e-01,-1.058936185407547415e-01
-1.342486141725909507e-02,1.945745166612040111e-01,5.740857670999303247e-02,-1.218507962975737824e-01,-1.186635898345310136e-01,2.668275272498030898e-02,-2.411241389625696022e-02,-1.270203891182573874e-01,4.574870312627694197e-02,1.022583498280696668e-01,4.472435504506665910e-02,-2.523384020183808488e-02,1.019065820579273252e-01,2.125765227336841659e-02,-2.997234368033495702e-02,2.190834074348724930e-02,-4.965942127367699993e-02,8.229471369117691282e-02,4.472306189380349101e-02,6.955125761049452127e-02,6.686948882038681874e-02,2.633420149020763296e-02,1.345707269089755354e-01,-1.180713804240613868e-01,1.175511197679119865e-02
4.226457338275294712e-02,1.374864788043524966e-01,-1.145540542591959136e-02,-2.903406838690097275e-02,-4.012797135998385362e-02,6.100892290523705214e-02,-3.883733258737657318e-02,-5.210135478390860719e-02,2.652620567495413834e-02,6.650783096681581186e-02,-5.422066101732522098e-02,1.037525012345983516e-02,1.852590748680801175e-02,-4.059144166977150803e-02,1.351181749426447198e-02,9.436542255524607570e-02,-7.060380654058358296e-02,1.122468262771503245e-01,5.928930713951522519e-02,2.575769406663349151e-02,3.281445253831204341e-03,6.733247757105548237e-02,3.825266578190250621e-02,-1.231862640003366684e-02,7.875545563053136522e-02
6.766121090715970787e-02,1.178898783818790597e-01,-3.895390562240980820e-02,4.396760729209592440e-03,-6.990343674613898155e-03,6.880325759239697136e-02,-4.759670186455117885e-02,-1.994790117319058739e-02,1.661205682676460127e-02,5.014793962922147602e-02,-8.789603367504347786e-02,2.702856487804294536e-02,-1.664881437338648629e-02,-6.005758673814193260e-02,2.529430119747426084e-02,1.215620562274604133e-01,-7.473088998938325067e-02,1.159994201303384820e-01,6.807453622660060433e-02,7.244725736400192163e-03,-2.098509033415600286e-02,7.631787332462061646e-02,-8.635706636030004860e-04,2.759623324080562670e-02,1.008791292622942259e-01
7.662688859155300514e-02,1.160080932165014067e-01,-4.539604116758522157e-02,9.331241206182266240e-03,3.026193695083632517e-03,6.576613837451895928e-02,-5.275155954065009756e-02,-1.062594002695053594e-02,1.230014128260212974e-02,4.419292390635325141e-02,-9.069524052927538382e-02,3.319132567088167729e-02,-2.726839261671706177e-02,-6.020395835720122185e-02,2.312957065530326164e-02,1.265569611845694387e-01,-7.186386926407162257e-02,1.091288932215828816e-01,7.303160534101785228e-02,1.662616313800727814e-03,-2.613217306168522797e-02,7.116456089367496907e-02,-1.159444050088085341e-02,3.419898349495308076e-02,1.025978781045352173e-01
7.866437035741238870e-02,1.204667739461430798e-01,-4.356148413129734553e-02,3.793558608326466283e-03,3.716552205447989487e-03,5.946713405584143353e-02,-5.601875051441851383e-02,-1.056917071555982593e-02,1.049493838554148122e-02,4.255372385594886897e-02,-8.233691315011798517e-02,3.492746530514370673e-02,-2.802666458618215811e-02,-5.361428413769279283e-02,1.638878350364387018e-02,1.231154630198125072e-01,-6.689357811482141147e-02,9.930646326462601314e-02,7.594414082898372220e-02,1.358532090276589341e-03,-2.387590243811105878e-02,6.163853197734883022e-02,-1.111224009981722112e-02,2.819659090649789118e-02,9.701631371547456140e-02
7.792324754037219248e-02,1.267190945079484377e-01,-3.883363720244931844e-02,-4.949809337250888133e-03,9.136074430630840336e-04,5.268040522978426066e-02,-5.824452843992496825e-02,-1.393910342841341021e-02,9.782536472532455535e-03,4.261790473291648951e-02,-7.073749590924194308e-02,3.488914430623577673e-02,-2.511135956314781981e-02,-4.524863470449220354e-02,8.680232833924758640e-03,1.169094203273467192e-01,-6.165553240083490594e-02,8.937126311609931706e-02,7.774775705481407062e-02,3.059610864759643167e-03,-1.908348561587452571e-02,5.148236331619506639e-02,-6.571165983159677274e-03,1.816879370226676463e-02,8.933127087836469082e-02
7.611794747692376961e-02,1.330993547090128237e-01,-3.333468407561488572e-02,-1.417941565223712792e-02,-3.048036485280737097e-03,4.631858853489310979e-02,-5.985087446635416891e-02,-1.839372212379226934e-02,9.558830790281320350e-03,4.332968504006747684e-02,-5.884717599270610638e-02,3.416250796435038595e-02,-2.098940380484756729e-02,-3.690850407611045297e-02,1.267324996946095567e-03,1.101258177379606240e-01,-5.675943797195893981e-02,8.023563034128704252e-02,7.891330668434190510e-02,5.436478446083276017e-03,-1.366431496964413267e-02,4.196007352208867142e-02,-7.975848108998145804e-04,7.399834690511697399e-03,8.146973939694049371e-02
7.178443263909434213e-02,1.443808243680874681e-01,-2.279965474528483638e-02,-3.087728554317916568e-02,-1.125847922266484148e-02,3.561708846063799117e-02,-6.201105217698384131e-02,-2.738728600843712627e-02,9.658519815978566792e-03,4.521639473906506612e-02,-3.761498310547450180e-02,3.218936502148943973e-02,-1.247600708110156026e-02,-2.226985945468723874e-02,-1.143904046093032097e-02,9.756371443217820572e-02,-4.848476441593600750e-02,6.496969505479222029e-02,8.021899106491343912e-02,1.036893008000950439e-02,-3.419384706291358437e-03,2.587893049061440465e-02,1.067687446239587792e-02,-1.233217216506887759e-02,6.744057184460401644e-02
6.969328148709019732e-02,1.491250247819380925e-01,-1.815748671866183536e-02,-3.800094289275178505e-02,-1.499765182463577359e-02,3.122630066377900596e-02,-6.277283898860544498e-02,-3.143452441714951473e-02,9.801656210430425425e-03,4.613706704680751308e-02,-2.859875372381296202e-02,3.121388955824226999e-02,-8.614338877758774549e-03,-1.611010695834801457e-02,-1.671151306710460735e-02,9.212852981943897568e-02,-4.506398801151511452e-02,5.870340666058846552e-02,8.058358097037482404e-02,1.262262638436027588e-02,1.066929535687407725e-03,1.925098721474130525e-02,1.580745787224851692e-02,-2.081967378792002818e-02,6.148164365688561783e-02
6.774513048780474167e-02,1.533229250608508787e-01,-1.396544094863994001e-02,-4.434606018221099594e-02,-1.841156329118989743e-02,2.737360438078717886e-02,-6.339908245806320786e-02,-3.511268057578262325e-02,9.959160853310980790e-03,4.699042262560752803e-02,-2.057580040276960759e-02,3.030367398304795179e-02,-5.097733429336732090e-03,-1.064759476194806348e-02,-2.135889941163056360e-02,8.725769661046732517e-02,-4.204654648197030803e-02,5.319439565046445856e-02,8.083625365460149481e-02,1.468445846298790415e-02,5.108728825054350241e-03,1.341959810585494767e-02,2.046092501962104918e-02,-2.840786913682607009e-02,5.617701256090538997e-02
6.595316900988869302e-02,1.570402593273255987e-01,-1.019262560737884023e-02,-4.999535478950132422e-02,-2.150712196624581310e-02,2.398102091614960976e-02,-6.392349095692011207e-02,-3.843611662548378216e-02,1.011709420048331753e-02,4.776934385164172125e-02,-1.343548634400508653e-02,2.946795077013164219e-02,-1.916930850577380514e-03,-5.797745656370510009e-03,-2.546494770383986306e-02,8.290023662748151334e-02,-3.937572182250016067e-02,4.833213073497608092e-02,8.101088417899557359e-02,1.655729784941924534e-02,8.739877565461231720e-03,8.272132596072073393e-03,2.466044099012331889e-02,-3.518416574277507397e-02,5.145367901488778761e-02
6.281817880987465574e-02,1.632843421452531973e-01,-3.735909356800265913e-03,-5.954592149807700491e-02,-2.684342836207455341e-02,1.831158574882060797e-02,-6.475356198331293223e-02,-4.414266388133310931e-02,1.041129659250702652e-02,4.911461020573219816e-02,-1.364946167498987247e-03,2.801360822509038964e-02,3.547926520251932971e-03,2.381376495443958147e-03,-3.235003517344719332e-02,7.549423128686674755e-02,-3.488051572786449867e-02,4.017805160830847239e-02,8.120933819600391346e-02,1.979251753684585155e-02,1.494184061825557311e-02,-3.565625235739542580e-04,3.186402019065835006e-02,-4.667922350037399803e-02,4.346286399063994943e-02
6.145244331962654988e-02,1.659189557944198146e-01,-9.687408320485055594e-04,-6.359802758459850991e-02,-2.914233491020602404e-02,1.592747870127720136e-02,-6.508814800833470637e-02,-4.659308753093217847e-02,1.054360642315933273e-02,4.969289141557684669e-02,3.757277812272284863e-03,2.738409141360485105e-02,5.894752529853210417e-03,5.846421404080372544e-03,-3.525251327799421019e-02,7.233850444910018551e-02,-3.297723227016158276e-02,3.673697695281639974e-02,8.125946181515492084e-02,2.118864349290060928e-02,1.759546567037147471e-02,-3.995159170224816744e-03,3.495558218489089319e-02,-5.157003572064945002e-02,4.006918745882328409e-02
5.906093462137858296e-02,1.704268293592672012e-01,3.822777700014326745e-03,-7.056142226933855011e-02,-3.313654740045290231e-02,1.185587030604403659e-02,-6.564321954847068818e-02,-5.083995843248249880e-02,1.077799494387581339e-02,5.069324322521091830e-02,1.256212727684647042e-02,2.628871447103586431e-02,9.961101785734553793e-03,1.179647651905351043e-02,-4.021711793742265700e-02,6.689852544057266204e-02,-2.970754634526511992e-02,3.084192196090248736e-02,8.130098793033099791e-02,2.361734379653258192e-02,2.218452796342602895e-02,-1.022308076759088392e-02,4.031257087311762577e-02,-5.999225085242732708e-02,3.423129713092404325e-02
1.914653677845757490e-02,1.597501336425327656e-01,1.629691413758689242e-02,-6.558140744421113444e-02,-7.197824536330041378e-02,4.862386914530304055e-02,-3.241195797195575018e-02,-8.288619665678212400e-02,3.480576379488362765e-02,8.135059807215060113e-02,-1.565319938051137200e-02,-4.530452749359402571e-03,5.237353439522689919e-02,-1.692729597408320491e-02,-2.741320395256108874e-03,6.559447139089197298e-02,-6.313917470822814904e-02,1.019542334407110562e-01,5.286045500399751823e-02,4.351830560216559535e-02,2.847026938102538429e-02,5.227305738868275736e-02,7.692540190156969826e-02,-5.470030806676231400e-02,5.302204219616857284e-02
7.832857116493423255e-02,1.182812554749684691e-01,-4.485161530226491194e-02,6.685517321634276700e-03,4.072859180760226086e-03,6.217389023886919774e-02,-5.485404480194929627e-02,-9.963121525968959488e-03,1.104132389141555814e-02,4.291628438166978504e-02,-8.639975002731049847e-02,3.453636813875158446e-02,-2.838978685644514069e-02,-5.667566759998020343e-02,1.936430516671072341e-02,1.250500709696754364e-01,-6.900378306072507684e-02,1.033985531579648398e-01,7.493540924278686843e-02,1.118497364109303019e-03,-2.527454811586956479e-02,6.570578419435849082e-02,-1.205922748991960017e-02,3.142641784361575874e-02,9.971829480274047031e-02
7.839235220139915972e-02,1.242701056949017391e-01,-4.079730840703780365e-02,-1.474351297673833112e-03,2.199021926245766940e-03,5.524017529998759973e-02,-5.748762732464016839e-02,-1.244656988652375826e-02,9.973836814100578430e-03,4.247965277822990382e-02,-7.528393672278560489e-02,3.502369100814278768e-02,-2.644964782476142556e-02,-4.848775452125322905e-02,1.161856451884246168e-02,1.194138439238393024e-01,-6.362669206236452879e-02,9.308382480690936822e-02,7.715560845850229221e-02,2.285429540882309273e-03,-2.104712386224503323e-02,5.531066040623192070e-02,-8.543146963993683216e-03,2.218351871005828230e-02,9.234047317303244184e-02
7.682168689555488039e-02,1.308728550156164072e-01,-3.530356286974790231e-02,-1.093562849289051071e-02,-1.587931459941335343e-03,4.850103868532062296e-02,-5.933576004302779788e-02,-1.676736520335440211e-02,9.603123944531489348e-03,4.303824116801291400e-02,-6.300513511495338392e-02,3.446252114694181579e-02,-2.250776083623600224e-02,-3.980844371807885917e-02,3.825318641626562939e-03,1.125273079215796113e-01,-5.843970904922596299e-02,8.335963873333390728e-02,7.855463903214450483e-02,4.560884109265539617e-03,-1.559547652574828046e-02,4.522895743155314063e-02,-2.893294560075454578e-03,1.119905216269140996e-02,8.421793842437838573e-02
7.468392982844901384e-02,1.371636820220684949e-01,-2.963474658553878760e-02,-2.014996594792630574e-02,-5.871068080099341342e-03,4.240673762804877955e-02,-6.070183632031352083e-02,-2.150871854849214712e-02,9.543136510608538764e-03,4.394431748479086380e-02,-5.123053902646886038e-02,3.352444648821801404e-02,-1.805725145586595942e-02,-3.162960581692548373e-02,-3.349247365036482887e-03,1.056680663110783763e-01,-5.374296684078883057e-02,7.465019778836300135e-02,7.946935479119965340e-02,7.130221163477622019e-03,-1.005270314032450339e-02,3.609272371756979542e-02,3.193506119043085321e-03,3.746761162362278932e-04,7.643680818591284953e-02
7.242506573954778093e-02,1.428633272687182265e-01,-2.426114631114748704e-02,-2.861007444885817555e-02,-1.009271337207429120e-02,3.703197304865277206e-02,-6.175275967227498997e-02,-2.612067955224186763e-02,9.622506398772856170e-03,4.493415578766283419e-02,-4.048775458748468670e-02,3.248695443520993598e-02,-1.368202588513223704e-02,-2.423815725536934002e-02,-9.746320656600970800e-03,9.928526634009524066e-02,-4.958339660857256914e-02,6.698718945236474542e-02,8.008258681273358603e-02,9.667289407303986462e-03,-4.834560022605381875e-03,2.801078764474006222e-02,9.068257211935170509e-03,-9.638644401227925915e-03,6.933884227303575842e-02
7.023166381342471620e-02,1.479302899971099983e-01,-1.933647249638352841e-02,-3.620210579439812199e-02,-1.404337790146704609e-02,3.232790647899867753e-02,-6.258692462917943289e-02,-3.040364909167247651e-02,9.761716496635651150e-03,4.590033275322967510e-02,-3.087435483702028610e-02,3.146538119225385233e-02,-9.598898413930329054e-03,-1.766245836764590918e-02,-1.538612082841395515e-02,9.350451343852066166e-02,-4.592394463216297601e-02,6.027656398312490615e-02,8.050009068210634000e-02,1.204699906746007840e-02,-7.133155164953965924e-05,2.091563816737047540e-02,1.450181993945048355e-02,-1.867312426257133895e-02,6.298582108166882187e-02
6.817730980487167469e-02,1.524070419242573582e-01,-1.488641639339442942e-02,-4.295851741445215477e-02,-1.765900712285462665e-02,2.821201743057939054e-02,-6.326576887043609820e-02,-3.430310840858716293e-02,9.922725165145827864e-03,4.680163638473017196e-02,-2.232985918844168291e-02,3.050552664303259748e-02,-5.872156633492571672e-03,-1.184057441769040611e-02,-2.034605053004959890e-02,8.832504423384866798e-02,-4.270455418009452830e-02,5.439430319895974947e-02,8.078632092068631365e-02,1.422961867962487491e-02,4.221445065463196381e-03,1.468988315913552153e-02,1.943727508840753168e-02,-2.674636368814746132e-02,5.733697662657413763e-02
6.455529904737841718e-02,1.598611979896243096e-01,-7.293665207777656583e-03,-5.430074371403791067e-02,-2.389770072592221212e-02,2.141584686137475851e-02,-6.430558904920984087e-02,-4.099589692101728716e-02,1.024614047654120313e-02,4.837212232145024493e-02,-7.994279473234512309e-03,2.881802680025150748e-02,5.341744844369654757e-04,-2.108056320888200205e-03,-2.857687951879753219e-02,7.956741725756555361e-02,-3.734700715246932340e-02,4.464752796133523993e-02,8.111476757100322121e-02,1.800562171688863122e-02,1.152628311404922494e-02,4.372176674842849324e-03,2.789262537838119518e-02,-4.036029640832609205e-02,4.785258397382059076e-02
6.297870577258249392e-02,1.629715278312519611e-01,-4.062805144333540841e-03,-5.906567638584302171e-02,-2.657227535910072075e-02,1.859492622925194502e-02,-6.471327550796276973e-02,-4.385333469948584501e-02,1.039586482888989888e-02,4.904631746222940653e-02,-1.971963851210386219e-03,2.808777690495231974e-02,3.270819975401879822e-03,1.970541401513153587e-03,-3.200534309631231783e-02,7.586773054529867555e-02,-3.510618321582190116e-02,4.058650678321103905e-02,8.120209259784116895e-02,1.962793607194066384e-02,1.462819055660836802e-02,7.547072515766978652e-05,3.149894069082485870e-02,-4.610009784666986576e-02,4.386492309748416668e-02
6.154226474310200978e-02,1.657471040850981014e-01,-1.149994004040014520e-03,-6.333331652746042317e-02,-2.899156525933839490e-02,1.608287569432049341e-02,-6.506656962178437864e-02,-4.643252047415070277e-02,1.053485725383093534e-02,4.965501215091569498e-02,3.422631000460873291e-03,2.742540842180119301e-02,5.740981459308402979e-03,5.620130884506092592e-03,-3.506321771963744061e-02,7.254488764446537230e-02,-3.310153558484635328e-02,3.696150182697034714e-02,8.125678117657275656e-02,2.109704042029294374e-02,1.742172654460916181e-02,-3.757811557166606913e-03,3.475302294135708403e-02,-5.125029892668328535e-02,4.029095832600663313e-02
5.903513580566628616e-02,1.704747833407733448e-01,3.874129071695912689e-03,-7.063570101253706379e-02,-3.317943673308512698e-02,1.181259851421628468e-02,-6.564901925322999543e-02,-5.088549004629378675e-02,1.078053231431262173e-02,5.070394701663997333e-02,1.265606885917787243e-02,2.627694900170364500e-02,1.000468748691664411e-02,1.185992349825006412e-02,-4.026992526032981828e-02,6.684038732361309576e-02,-2.967266141589681994e-02,3.077914128244139957e-02,8.130113465875948853e-02,2.364344214481977138e-02,2.223367015977198782e-02,-1.028936346519809808e-02,4.037000144127739915e-02,-6.008220527902667640e-02,3.416897945928660391e-02
5.793894389165484687e-02,1.724999097269820092e-01,6.049952858457187214e-03,-7.377643170852703214e-02,-3.499817126478272505e-02,9.985829300798590782e-03,-6.589213728809564796e-02,-5.281492021449394475e-02,1.088836501305629097e-02,5.115698281814158588e-02,1.662862957226734009e-02,2.577808371297113377e-02,1.185139287571195486e-02,1.454234896446650153e-02,-4.249998916202975957e-02,6.438011230043755306e-02,-2.819725368807047064e-02,2.812619889946966698e-02,8.130172991026229923e-02,2.475050020004936763e-02,2.431512842392491089e-02,-1.308937709917733054e-02,4.280367311136043518e-02,-6.388787584476118830e-02,3.153307456221372818e-02
-2.266480312717805701e-02,2.051349884189543338e-01,6.945902063702893980e-02,-1.387279426881140587e-01,-1.323649700058802392e-01,1.953588258950363782e-02,-2.184011634270966243e-02,-1.396371237964409984e-01,4.868234607641915013e-02,1.081816326679441859e-01,6.298237911010876044e-02,-3.102811457422393476e-02,1.163914520760841870e-01,3.307379558144272341e-02,-3.853058377928512274e-02,8.906962698209102552e-03,-4.521841526051093713e-02,7.572184796813255514e-02,4.251818424025796683e-02,7.719543657212134258e-02,7.843159058873697131e-02,1.816760254493530319e-02,1.516849049217939005e-01,-1.365825716805507128e-01,-1.035072140364978700e-03
6.780032802836377659e-02,1.178158771312464992e-01,-3.908333951266812489e-02,4.534284917416907604e-03,-6.820232964065271915e-03,6.880740106018533309e-02,-4.765790188932974430e-02,-1.978475397490184542e-02,1.655242426543784146e-02,5.005748560842507994e-02,-8.802071587687207432e-02,2.712154247237614016e-02,-1.682915830246344349e-02,-6.011986242052167612e-02,2.531723017855825805e-02,1.216807910225151390e-01,-7.472523406697946513e-02,1.159667023306439337e-01,6.813495194192238646e-02,7.149581337347785462e-03,-2.109556385434882553e-02,7.631295763057681369e-02,-1.056990223832643665e-03,2.776623129796946740e-02,1.009599099389098115e-01
7.687990428429331002e-02,1.161615610080445338e-01,-4.543998897113743496e-02,9.189353577828782149e-03,3.241637898607240605e-03,6.544387838205789620e-02,-5.298484604870760950e-02,-1.044935353032397374e-02,1.214425988383489516e-02,4.401419351831764581e-02,-9.039673880281634544e-02,3.337845738849128108e-02,-2.749745447601733422e-02,-5.992975447902328112e-02,2.280603510351205884e-02,1.265060505914002431e-01,-7.160202638800104713e-02,1.085896336429631598e-01,7.324728338967315122e-02,1.545153691526282699e-03,-2.613438214952025843e-02,7.066909488785751148e-02,-1.177377973055556380e-02,3.407061142157875172e-02,1.023955214609992420e-01
7.867454703247492298e-02,1.210944709609825393e-01,-4.313907784920435751e-02,2.939462000374054411e-03,3.523823283178458259e-03,5.873870870471493977e-02,-5.629686733736292276e-02,-1.082600880572380346e-02,1.038153376530644850e-02,4.250606720504018082e-02,-8.117258139493244151e-02,3.498063056880791610e-02,-2.782705441855160694e-02,-5.275579350006986273e-02,1.557577592550393568e-02,1.225265294954092643e-01,-6.632882889676214311e-02,9.822273600830901119e-02,7.617914547170763495e-02,1.478572819199123513e-03,-2.343492160676312330e-02,6.054676841087043571e-02,-1.074757896071784104e-02,2.723003792599528253e-02,9.624346447913403879e-02
7.768369079689001200e-02,1.277375524352452607e-01,-3.798832938601920395e-02,-6.408208580802830616e-03,3.323551237944965164e-04,5.163972608339207487e-02,-5.853114268676531950e-02,-1.460288722985871729e-02,9.724271399744414263e-03,4.270271798616841197e-02,-6.884432565349551947e-02,3.480410573275585090e-02,-2.450620530701247760e-02,-4.390981873564847593e-02,7.477382531682184690e-03,1.158487063497960212e-01,-6.085473562966706856e-02,8.786962063752465357e-02,7.796538424612550755e-02,3.408786701066114470e-03,-1.824434544652477064e-02,4.992580274548408248e-02,-5.702748757246804863e-03,1.647633677892726065e-02,8.807890851139046906e-02
7.337328655126630628e-02,1.405462773037089719e-01,-2.646878238987993015e-02,-2.515980109918151617e-02,-8.344674644452631726e-03,3.920428597096615314e-02,-6.134221248192935072e-02,-2.421629759352791900e-02,9.578590105356998841e-03,4.451710703059406221e-02,-4.486387169172544043e-02,3.292532728813508253e-02,-1.549219859708546830e-02,-2.724270801001495851e-02,-7.154151520794724273e-03,1.018966275814763289e-01,-5.126703844577795016e-02,7.008402199143301536e-02,7.985366459867591915e-02,8.616071315895859270e-03,-6.975227462160197775e-03,3.128030654934678412e-02,6.646193152812365085e-03,-5.547436549272218194e-03,7.223028665307260066e-02
6.687005480464619511e-02,1.551535825772252242e-01,-1.211433907434713957e-02,-4.712464709288138875e-02,-1.992796298408531022e-02,2.570093357300023973e-02,-6.366053200101620679e-02,-3.674200549718169978e-02,1.003503740436175601e-02,4.737161070531879098e-02,-1.706367636802853111e-02,2.989526836050108299e-02,-3.538621962724548126e-03,-8.260854784192540531e-03,-2.338186618851440315e-02,8.511680876872521062e-02,-4.073141621916567118e-02,5.079856359078209482e-02,8.092776956406751154e-02,1.560151622377659204e-02,6.891034158099699873e-03,1.088318193244747559e-02,2.252025644009018543e-02,-3.173849106330749181e-02,5.385403367228042137e-02
6.334310288889699603e-02,1.622588644558670967e-01,-4.806222239859828799e-03,-5.797226185669990955e-02,-2.595598243256212745e-02,1.924067664937251926e-02,-6.462102344723764935e-02,-4.319548533104109606e-02,1.036094832199716161e-02,4.889104638894292698e-02,-3.353976229452519317e-03,2.825627142986556622e-02,2.640761455073248765e-03,1.035009441050687221e-03,-3.121998376827294502e-02,7.671769381189881554e-02,-3.562008247215348034e-02,4.151701448449081344e-02,8.118454642475556038e-02,1.925393813998710693e-02,1.391476250363580212e-02,1.059786080830083356e-03,3.066881046849658649e-02,-4.478197480147336901e-02,4.478021426998091137e-02
6.181464802464398112e-02,1.652247695682843021e-01,-1.700260013673795699e-03,-6.252908132879660130e-02,-2.853400066835093049e-02,1.655528977590877901e-02,-6.500077879530002933e-02,-4.594510340685960259e-02,1.050836130964922718e-02,4.954001031867340948e-02,2.405945685620373455e-03,2.755077675954395108e-02,5.274185850026353803e-03,4.932567901818459000e-03,-3.448784206698342347e-02,7.317171921815222857e-02,-3.347920984377477510e-02,3.764386446558548593e-02,8.124813201173841648e-02,2.081907235055688310e-02,1.689420692457517872e-02,-3.036420230809881368e-03,3.413812006567147617e-02,-5.027908635171964707e-02,4.096466971569525523e-02
5.693909537528519388e-02,1.743266403124195119e-01,8.024661476503528248e-03,-7.661599190908727208e-02,-3.665112544031130098e-02,8.338919474166189144e-03,-6.610860491121371696e-02,-5.456621625077949511e-02,1.098661472448834824e-02,5.156715379536874755e-02,2.022099886020235077e-02,2.532488732997923223e-02,1.352709672157616054e-02,1.696715258812248051e-02,-4.451160811594283284e-02,6.215245674053249819e-02,-2.686249426190441547e-02,2.573004856125607476e-02,8.129292905875556974e-02,2.575721417660859630e-02,2.620291327467234171e-02,-1.561674539728013719e-02,4.501275126977066082e-02,-6.733210483642411426e-02,2.914832274040824248e-02
-1.111533089350620063e-01,3.642948015944496576e-01,2.743674371397257228e-01,-3.615516073970836963e-01,-3.292860382282994380e-01,-1.130969997719378367e-01,-1.739058119001770167e-02,-2.689016575170317669e-01,3.445199127838920183e-02,1.090691368121024657e-01,3.890438175102193252e-01,-3.107281354762550171e-02,3.116579077315014823e-01,2.882560148945979561e-01,-1.776406868190118782e-01,-2.089495418576941821e-01,1.162203492532399435e-01,-1.774514236561688385e-01,-1.272688963325649229e-02,2.145707533105940534e-01,3.070920891585650625e-01,-1.329291866582571480e-01,4.386788442364403795e-01,-3.615179886880592330e-01,-2.618533917119262311e-01
5.371832526442774786e-02,1.276349853512898092e-01,-2.449232077911646030e-02,-1.256490600437087761e-02,-2.482541535682788666e-02,6.570751591294041183e-02,-4.240069526673516387e-02,-3.722083820156527750e-02,2.221820828503994968e-02,5.914815182447007158e-02,-7.122196691169734029e-02,1.783264242324431384e-02,2.273132215068615451e-03,-5.072008338752494183e-02,2.008863109107226000e-02,1.075481009132110560e-01,-7.331775723438840875e-02,1.155383651437709297e-01,6.287993757492810198e-02,1.721522276141369476e-02,-8.348346006843278960e-03,7.300552493253564812e-02,1.995804901723591609e-02,7.133375380759391857e-03,8.997364086724557453e-02
7.815255368284645954e-02,1.177903959103812209e-01,-4.508151553967949809e-02,7.307895849634007263e-03,4.047475729246576351e-03,6.283931447107121704e-02,-5.452641400971492552e-02,-9.923362461595891526e-03,1.121512886295566655e-02,4.306413918438063704e-02,-8.731641949899020261e-02,3.437910267579803725e-02,-2.836000583083094634e-02,-5.738821208977607641e-02,2.008183441242612430e-02,1.254464162081738166e-01,-6.952661940450949318e-02,1.044259423666480807e-01,7.464517788576066626e-02,1.123883382579246495e-03,-2.554362245463686482e-02,6.670958422808460908e-02,-1.216398412946877866e-02,3.210736713854697721e-02,1.003296489946747388e-01
7.844532877361909406e-02,1.239145319124265177e-01,-4.107280339380817158e-02,-9.741127869757210947e-04,2.369775122089739974e-03,5.562006193175471347e-02,-5.736807731146883332e-02,-1.224450114992232073e-02,1.000894735428071482e-02,4.246901216681247399e-02,-7.594349243634106184e-02,3.503322047155818519e-02,-2.662737725227000765e-02,-4.896104027629108457e-02,1.205186439409978473e-02,1.197710815623140579e-01,-6.391951974854169494e-02,9.363762323121449516e-02,7.705992439588019161e-02,2.182223198362611555e-03,-2.132473138561806827e-02,5.587887407932333461e-02,-8.813060348658733126e-03,2.275885171033475984e-02,9.277726539060446309e-02
7.683024706862873199e-02,1.308443669610646065e-01,-3.532844804858095017e-02,-1.089426586703159776e-02,-1.569717467840849381e-03,4.852918463026767437e-02,-5.932889871304884016e-02,-1.674698954676983806e-02,9.603890110091656621e-03,4.303476576834263517e-02,-6.305827281337343659e-02,3.446608465448703501e-02,-2.252670853319863747e-02,-3.984560357520545298e-02,3.858214977477209418e-03,1.125578228958202531e-01,-5.846137053632431690e-02,8.339998056057387754e-02,7.854975880328335380e-02,4.549961267912469923e-03,-1.561993785737167406e-02,4.527109637003130099e-02,-2.919619826005148862e-03,1.124740679894089754e-02,8.425306461690569571e-02
7.457022822379240357e-02,1.374673133475544096e-01,-2.935353929003054266e-02,-2.059825333540605055e-02,-6.088919578697807485e-03,4.211754030639459218e-02,-6.076156401764909454e-02,-2.174787661591723320e-02,9.544730093549537442e-03,4.399373067143954458e-02,-5.066009293662909058e-02,3.347291237862285579e-02,-1.783118521441133184e-02,-3.123569119996317742e-02,-3.691972682548204984e-03,1.053316555334192217e-01,-5.351964699455032115e-02,7.423771403735852925e-02,7.950651314350155874e-02,7.261006080191192633e-03,-9.778938554346635476e-03,3.565849204232596908e-02,3.498994977699710317e-03,-1.542927524145935132e-04,7.605990356219825832e-02
7.217713898712137255e-02,1.434547781239228492e-01,-2.369294839441795503e-02,-2.949304074866069408e-02,-1.054519244924466588e-02,3.647983115913111529e-02,-6.185436819668644476e-02,-2.661260240104959540e-02,9.635905691161170128e-03,4.504336037512385316e-02,-3.936871813984740842e-02,3.237189533848826295e-02,-1.321380919871577991e-02,-2.347107962699109679e-02,-1.040649107081705743e-02,9.861531525639291584e-02,-4.915486720175521462e-02,6.619995055726955735e-02,8.013697257040339195e-02,9.939567371359758763e-03,-4.284193603743435830e-03,2.717907814352460774e-02,9.693208535667399359e-03,-1.068716953151125672e-02,6.859942117598956390e-02
6.985962159777026059e-02,1.487576662282945605e-01,-1.852068950032629419e-02,-3.744749493006593877e-02,-1.470337193025410272e-02,3.156475681685314699e-02,-6.271606557761090495e-02,-3.111675876060975357e-02,9.789122147786459213e-03,4.606395801882904456e-02,-2.929882201580965087e-02,3.129160394652746174e-02,-8.917885807669610407e-03,-1.658752150174288079e-02,-1.630412794121725503e-02,9.255211949617017653e-02,-4.532832819097001170e-02,5.918682659084180397e-02,8.055847872383287145e-02,1.244508043879679650e-02,7.163492594485616153e-04,1.976256024872228428e-02,1.540507223128838310e-02,-2.015901558394621665e-02,6.194440744769551255e-02
6.390927728968326393e-02,1.611442847422686897e-01,-5.965176698329219089e-03,-5.626414535451621651e-02,-2.499623068877249860e-02,2.025130001810732799e-02,-6.447538958354252780e-02,-4.217033218285455576e-02,1.030704587327800452e-02,4.864912876406551206e-02,-5.512849976747342950e-03,2.851841658910932512e-02,1.658929534496924761e-03,-4.269095197299130253e-04,-2.999148953161739906e-02,7.804432370061592517e-02,-3.642322267634531818e-02,4.297223315514633879e-02,8.115418544465959061e-02,1.867171683660651810e-02,1.280218419905538273e-02,2.599398344817586103e-03,2.937504094567583088e-02,-4.272400913308359305e-02,4.620977589640189870e-02
6.227044899763274632e-02,1.643466090165112692e-01,-2.623187576039580967e-03,-6.117814047307638947e-02,-2.776709815402928286e-02,1.734985227086810813e-02,-6.488945888600093637e-02,-4.512776274098042467e-02,1.046415755417578336e-02,4.934712439183851912e-02,6.982183682804754673e-04,2.776081272833832991e-02,4.491401552417825793e-03,3.777411456476293446e-03,-3.352042676329287235e-02,7.422399523383842179e-02,-3.411370926273665088e-02,3.879086056597515902e-02,8.123188186398928867e-02,2.035330063139774784e-02,1.600920805848481815e-02,-1.823628662272047197e-03,3.310694650654089077e-02,-4.864834276559745763e-02,4.209614577309497840e-02
6.078290636798026197e-02,1.671939391289694599e-01,3.792529996517997131e-04,-6.556367156293547993e-02,-3.026439736081933465e-02,1.477502050561670284e-02,-6.524723204542991206e-02,-4.778746114069218343e-02,1.060898410144208749e-02,4.997455485637553735e-02,6.242379165928905321e-03,2.707650230833841265e-02,7.038521909925751774e-03,7.526505815569866156e-03,-3.665681931490008538e-02,7.080500562893124461e-02,-3.205427358980928593e-02,3.507080384615469948e-02,8.127681229291887355e-02,2.187054737392329223e-02,1.888724374162577962e-02,-5.756176905762205691e-03,3.646225019845757143e-02,-5.394528646453584236e-02,3.842206204930884855e-02
5.819974579050016944e-02,1.720202681884858698e-01,5.533346787519400137e-03,-7.303187756246894147e-02,-3.456609707334849096e-02,1.041838716879616399e-02,-6.583486643024671903e-02,-5.235678611680268102e-02,1.086271244240213582e-02,5.104951300593458391e-02,1.568680194096401179e-02,2.589658437544635136e-02,1.141295079261275998e-02,1.390649138385651774e-02,-4.197181009877541669e-02,6.496370752587796171e-02,-2.854709392828282816e-02,2.875484471970928338e-02,8.130257557856301887e-02,2.448743720194936774e-02,2.382106174754117234e-02,-1.242604614640535447e-02,4.222580349018432988e-02,-6.298531658431817670e-02,3.215811843785076202e-02
5.604671144179857595e-02,1.759414030875866009e-01,9.779684674487625767e-03,-7.913120292841119285e-02,-3.812190614550107354e-02,6.883660318234815882e-03,-6.629792488919798721e-02,-5.612271363115556300e-02,1.107407368861867795e-02,5.193074769867254969e-02,2.340364591711002751e-02,2.492190628014072373e-02,1.501594781503267501e-02,1.911478477561770473e-02,-4.628989044783397150e-02,6.017673919859885950e-02,-2.567931067346705676e-02,2.360916659230644782e-02,8.127781816072329746e-02,2.665339965454240068e-02,2.787966311710885978e-02,-1.785240361800030651e-02,4.697625938368012871e-02,-7.038559714250558486e-02,2.703463823820521222e-02
-1.041315924320575514e-01,3.530745538634003089e-01,2.356552185980643754e-01,-3.511340243534630812e-01,-3.093832024310807505e-01,-1.091405635853170686e-01,-1.222595355877023268e-02,-2.593172493925356425e-01,4.509710512440606028e-02,1.312944485828113350e-01,3.379919804601606015e-01,-5.045793367545018532e-02,2.929649956199169569e-01,2.451083559648057075e-01,-1.698139248492139541e-01,-1.726413605471705526e-01,7.899630285270944907e-02,-1.129480388988330780e-01,4.888749414426811837e-03,1.883634774317969607e-01,2.680082143102684444e-01,-1.129058382305618280e-01,4.010068108985490598e-01,-3.399684729390559101e-01,-2.244831347262389587e-01
7.553004923574176133e-02,1.156337838530908796e-01,-4.500991655311724349e-02,9.550112819527278862e-03,1.997784813846609307e-03,6.682962851573720497e-02,-5.186471276909658534e-02,-1.151399902551457702e-02,1.292717633924581055e-02,4.495144487886708340e-02,-9.145522220170165806e-02,3.239951821425243739e-02,-2.617660273749456562e-02,-6.099922854003666378e-02,2.416097510987288977e-02,1.265060167288849513e-01,-7.274268860422511418e-02,1.109766888944321434e-01,7.220314580089301493e-02,2.228861309066248238e-03,-2.591958169761386654e-02,7.281649889510986851e-02,-1.064324494982466819e-02,3.430989836461708492e-02,1.031204986312030530e-01
7.861868986802679482e-02,1.197972799066127081e-01,-4.399095018981734329e-02,4.694983725963756786e-03,3.885620428400082121e-03,6.026375450174829840e-02,-5.569940411624760279e-02,-1.032868000832179098e-02,1.063339467213927567e-02,4.262723682800131225e-02,-8.357955881838728673e-02,3.484696580855586173e-02,-2.820112247564041455e-02,-5.453816648354747887e-02,1.727256404612863630e-02,1.237300338742365335e-01,-6.751246751006653724e-02,1.004989971145055228e-01,7.567137544826803286e-02,1.251186563129998196e-03,-2.433023919124288614e-02,6.283357846509012024e-02,-1.146373809301598837e-02,2.921160446717498138e-02,9.784174747898044533e-02
7.594184774056339515e-02,1.336271454162684114e-01,-3.286147954166848684e-02,-1.495135689931783966e-02,-3.403938936171422951e-03,4.580579929908279446e-02,-5.996737712282871474e-02,-1.878831726081573936e-02,9.552443998143145265e-03,4.340399470913335750e-02,-5.786006177684718116e-02,3.408570186693875292e-02,-2.061948085091043839e-02,-3.622212029597341593e-02,6.643472602776904871e-04,1.095520396501978577e-01,-5.636441570449927940e-02,7.950261446315048941e-02,7.899222671605551915e-02,5.649926261861293493e-03,-1.320126995757299644e-02,4.119157718975940963e-02,-2.905495736176873386e-04,6.493771668661608466e-03,8.081739948133204177e-02
7.108693543243570223e-02,1.459958591829340901e-01,-2.123141090940061648e-02,-3.329644001269673609e-02,-1.251595350060239267e-02,3.411721858801557150e-02,-6.227770094587941480e-02,-2.875081929287266400e-02,9.702407463547085831e-03,4.552374655634814499e-02,-3.455163744267571169e-02,3.186450298553693966e-02,-1.117619918881920457e-02,-2.017418521619546157e-02,-1.323691848816947736e-02,9.572222015545053808e-02,-4.731825768340607724e-02,6.283026765453936235e-02,8.035323943353932241e-02,1.112629881348121269e-02,-1.902395723037685364e-03,2.361695822192815680e-02,1.240685845424347247e-02,-1.521046477091054193e-02,6.541620132708288182e-02
6.877218839975954290e-02,1.511326106495516353e-01,-1.616209648235371332e-02,-4.103071143463164067e-02,-1.661886855752371314e-02,2.938056011129738104e-02,-6.307728990157637772e-02,-3.318304843974521912e-02,9.873867717701595784e-03,4.654126157320509494e-02,-2.476720586298730362e-02,3.078347067486794653e-02,-6.943240730802896325e-03,-1.349942984861188938e-02,-1.893573813857491600e-02,8.980597721800105682e-02,-4.362037172347987823e-02,5.606566214324549408e-02,8.071209733865512825e-02,1.360127376163275739e-02,2.991814425729548595e-03,1.645916229028059757e-02,1.802051721432667078e-02,-2.443986868609432372e-02,5.894859540333555886e-02
6.663560065500900853e-02,1.556389581277672352e-01,-1.162128830405018479e-02,-4.786249711264172618e-02,-2.033266880382851235e-02,2.525809833790906844e-02,-6.372878822071849358e-02,-3.717642225562643732e-02,1.005579180241616272e-02,4.747348232431831960e-02,-1.613110604526073188e-02,2.978593449961073475e-02,-3.122825292678094080e-03,-7.627517456618042313e-03,-2.391792919781713170e-02,8.454753687663275896e-02,-4.038269550379010309e-02,5.016381174975505230e-02,8.095022208408236830e-02,1.584638951913712804e-02,7.365526291409418141e-03,1.021119224212556180e-02,2.306915160925321687e-02,-3.262368139321434463e-02,5.323712065589902148e-02
6.468770752131369761e-02,1.595966695334049834e-01,-7.566790771386984124e-03,-5.389635328142493298e-02,-2.367207673065581039e-02,2.165609747409085253e-02,-6.427028388730540720e-02,-4.075454190405905508e-02,1.023374591780563600e-02,4.831522201189226984e-02,-8.505356273205836801e-03,2.887949681163471879e-02,3.030394076689885835e-04,-2.454418592695031386e-03,-2.828517756034908126e-02,7.988087491957325537e-02,-3.753736772805171124e-02,4.499294490639918487e-02,8.110603955364988071e-02,1.786885670852403352e-02,1.126389198876266186e-02,4.737731633813338852e-03,2.758794150492429806e-02,-3.987370278346953623e-02,4.819089357931884837e-02
6.292094187463548316e-02,1.630841696783761063e-01,-3.945133520079626907e-03,-5.923858726841056688e-02,-2.666987058523724585e-02,1.849289056368984621e-02,-6.472779665282982209e-02,-4.395747955339660007e-02,1.040141440241748767e-02,4.907089954911084823e-02,-1.753410032589869990e-03,2.806108398708850871e-02,3.370565306531362638e-03,2.118465885110574608e-03,-3.212946596034093466e-02,7.573326590736376152e-02,-3.502492929663460902e-02,4.043942722121604549e-02,8.120473363706401382e-02,1.968717111048004162e-02,1.474109828940975593e-02,-8.010198407913780990e-05,3.163035347786493506e-02,-4.630859744673773704e-02,4.372016634266409629e-02
6.132066206731741353e-02,1.661707379205789314e-01,-7.029955527311740771e-04,-6.398595919599189830e-02,-2.936343212271259884e-02,1.569983116250242214e-02,-6.511970354222479385e-02,-4.682851731160041914e-02,1.055645268416457484e-02,4.974842631384000791e-02,4.247707532936219332e-03,2.732349556183644515e-02,6.120215018528783572e-03,6.178032266508341405e-03,-3.552984670661041289e-02,7.203599501946206241e-02,-3.279507201082391965e-02,3.640800090884140777e-02,8.126324212640118061e-02,2.132298550526274747e-02,1.785017492885826451e-02,-4.342905608649977843e-03,3.525257861506415902e-02,-5.203866552978150123e-02,3.974416501476746300e-02
5.987021632467404153e-02,1.689154758905088982e-01,2.208426776475105879e-03,-6.822258703566023985e-02,-3.178907464413776446e-02,1.322005705231094584e-02,-6.545935431823675377e-02,-4.940871542135949479e-02,1.069845570704992116e-02,5.035651604204458009e-02,9.604389806833486809e-03,2.665834982550536331e-02,8.590897185632273558e-03,9.798495861224009590e-03,-3.855276785032819842e-02,6.872797799681622244e-02,-3.080584084799202829e-02,3.281972164301941164e-02,8.129320058955591399e-02,2.279760255555982398e-02,2.063920389223555113e-02,-8.134469656134672710e-03,3.850728323337480885e-02,-5.716104405235045149e-02,3.619301173741621552e-02
5.855322749212583944e-02,1.713680361653508455e-01,4.832115000952069694e-03,-7.202009286433236346e-02,-3.397985492356465215e-02,1.100669288688709870e-02,-6.575668320870391159e-02,-5.173494925192064636e-02,1.082793792968739233e-02,5.090353765711953110e-02,1.440701661167161605e-02,2.605738373710092190e-02,1.081779182373048161e-02,1.304236999882350465e-02,-4.125357585191915394e-02,6.575641402889915998e-02,-2.902241747865692487e-02,2.960938245596382232e-02,8.130274419493829785e-02,2.413057087188567526e-02,2.315029097124550461e-02,-1.152419339738912363e-02,4.144145396160114903e-02,-6.175918498450495148e-02,3.300733260956235232e-02
5.626062487086105207e-02,1.755556352408429444e-01,9.359604407995960468e-03,-7.852987855971910180e-02,-3.776972108821262386e-02,7.231283036528424191e-03,-6.625285981896786303e-02,-5.575015548320121778e-02,1.105313525162775548e-02,5.184380630411544733e-02,2.264270053188813941e-02,2.501837397960480353e-02,1.465962355397233859e-02,1.860135095732241145e-02,-4.586504780059819791e-02,6.064929439521715010e-02,-2.596226672277664876e-02,2.411609770338926650e-02,8.128205202590911560e-02,2.643876927398115459e-02,2.747840558742546332e-02,-1.731815955956525488e-02,4.650626440665663747e-02,-6.965535814017989602e-02,2.754008383208270475e-02
-3.758787754563606281e-02,2.229662351609069115e-01,8.936796015515605096e-02,-1.669934531153115520e-01,-1.551015855404984656e-01,6.939818796390076656e-03,-1.822817113747023099e-02,-1.601037993518943381e-01,5.320037077097578004e-02,1.177219875262639631e-01,9.369536656501471772e-02,-4.027541660478419633e-02,1.403350010667324954e-01,5.329422486020508887e-02,-5.326058027980361265e-02,-1.276293414392318248e-02,-3.730202320208848843e-02,6.397874027475654313e-02,3.899869090362344942e-02,8.988285498193548939e-02,9.793831567324250142e-02,4.162356109139587861e-03,1.803064403216599609e-01,-1.669683972742266320e-01,-2.297668043520351491e-02
3.706382615043981449e-02,1.422668082343994389e-01,-5.348323043730824830e-03,-3.693793377793767180e-02,-4.719451426557327162e-02,5.850653599640162628e-02,-3.732474711676647683e-02,-5.896112023475535979e-02,2.843048811111809765e-02,6.984730679639609974e-02,-4.595155149507517550e-02,7.006647535726042916e-03,2.603465448786048547e-02,-3.557965606568042061e-02,1.014195724645180346e-02,8.810115116938245505e-02,-6.911539162414202797e-02,1.102780827585374684e-01,5.776790925582118985e-02,2.969968694354237562e-02,8.777249523101960174e-03,6.428231416913657292e-02,4.677493718778585885e-02,-2.156767092228732349e-02,7.327181687871481275e-02
7.714296538038283024e-02,1.163598176339880746e-01,-4.545959204969773904e-02,8.989122846072486808e-03,3.453084090858220181e-03,6.506444142854540813e-02,-5.324398293257117526e-02,-1.028208381263998224e-02,1.197567655402803112e-02,4.382613308795026141e-02,-9.001523252905165029e-02,3.357564896904007695e-02,-2.772250352442428081e-02,-5.959226465647474852e-02,2.242021418073036204e-02,1.264169157896712359e-01,-7.129562662331702383e-02,1.079636248850969205e-01,7.348567581083192968e-02,1.430647251468070277e-03,-2.610959350693891137e-02,7.008785382899469785e-02,-1.193713190854230749e-02,3.387776831590372933e-02,1.021378934156258328e-01
7.506658437338313561e-02,1.361246373392715758e-01,-3.059228609689839881e-02,-1.861814351211247068e-02,-5.132388138857045534e-03,4.339930862871209383e-02,-6.049371913926091665e-02,-2.069663114096019496e-02,9.540345020752597979e-03,4.377858228552359426e-02,-5.318110832893245543e-02,3.369706289213292294e-02,-1.882401065550677252e-02,-3.297795529865674841e-02,-2.174379171614907770e-03,1.068159016819990453e-01,-5.450907170732818136e-02,7.606625122119797799e-02,7.933788232521836459e-02,6.686858866426387618e-03,-1.098559533486905687e-02,3.758256562234633946e-02,2.155309401709754654e-03,2.180689567246844093e-03,7.772561075978183520e-02
7.255628994195618964e-02,1.425480228562115981e-01,-2.456329566047582916e-02,-2.813972812097428541e-02,-9.852505410510742703e-03,3.732669526613741767e-02,-6.169808387834860991e-02,-2.585936885929868839e-02,9.615710025674838526e-03,4.487637371070562348e-02,-4.108398475545454315e-02,3.254778995288911542e-02,-1.393064675336617986e-02,-2.464705746308338760e-02,-9.394146511996367965e-03,9.964187100335535063e-02,-4.981203543312377746e-02,6.740737512603814374e-02,8.005293990379845626e-02,9.522773732590476131e-03,-5.127321765241383070e-03,2.845462195116698831e-02,8.736172763628655483e-03,-9.080356541986894098e-03,6.973280350701616115e-02
6.779538106752931725e-02,1.532168475072810954e-01,-1.407228563690293872e-02,-4.418526576318809046e-02,-1.832419023176366096e-02,2.747065332342290070e-02,-6.338373052597487400e-02,-3.501872177238848222e-02,9.954886637407569031e-03,4.696848911460499432e-02,-2.077905993445144581e-02,3.032713966391183472e-02,-5.187622624375433540e-03,-1.078580240193916830e-02,-2.124161870454821174e-02,8.738144611518575133e-02,-4.212275301701191160e-02,5.333332123959202975e-02,8.083061406671671056e-02,1.463164129263558322e-02,5.005811489742779084e-03,1.356667415895150726e-02,2.034213547862443600e-02,-2.821526765121859168e-02,5.631143526928712728e-02
6.568835009813453474e-02,1.575796139498836512e-01,-9.640703460088103499e-03,-5.081732331494279165e-02,-2.196151399018980710e-02,2.349000642225517257e-02,-6.399753384286081814e-02,-3.892310646515292905e-02,1.014120926116694396e-02,4.788388038600271263e-02,-1.239666568855988214e-02,2.934467032191501179e-02,-1.450673614992362788e-03,-5.092944175560181266e-03,-2.606016388144987220e-02,8.226471748273071760e-02,-3.898803070754021383e-02,4.762741471635340007e-02,8.103260996729078069e-02,1.683245904163199747e-02,9.270609443348955606e-03,7.526148639377366022e-03,2.527549012893300431e-02,-3.617160505485782218e-02,5.076628987198311682e-02
6.377614195250778939e-02,1.614071923533146324e-01,-5.692213319272487575e-03,-5.666684231329854882e-02,-2.522216162563224034e-02,2.001283439329364783e-02,-6.450989441977336702e-02,-4.241173491355214320e-02,1.031967993668193168e-02,4.870608779398569177e-02,-5.003893061792350459e-03,2.845673601335846695e-02,1.890128415228001972e-03,-8.220358409041104628e-05,-3.028129351248070450e-02,7.773169426645408497e-02,-3.623383777119921351e-02,4.262897638829259844e-02,8.116166998295645807e-02,1.880875223721404157e-02,1.306426634261090985e-02,2.236209508626009652e-03,2.967971435325853294e-02,-4.320905304292774890e-02,4.587278061690244074e-02
6.204659882850201841e-02,1.647785341934420722e-01,-2.169588019262166587e-03,-6.184242204323568692e-02,-2.814392835774349316e-02,1.695899196137101023e-02,-6.494432494736539219e-02,-4.552944009667748981e-02,1.048584435036054724e-02,4.944192246130765800e-02,1.537925511972785229e-03,2.765762291020589653e-02,4.876099541818294282e-03,4.345454741033902973e-03,-3.399626554267260597e-02,7.370667743503078739e-02,-3.380169895055604168e-02,3.822673782956501065e-02,8.124014315450522883e-02,2.058214668983532683e-02,1.644420140902997859e-02,-2.420140625678304184e-03,3.361371985958183650e-02,-4.945010064453454063e-02,4.153981177969191807e-02
6.048281896942199476e-02,1.677620252722808181e-01,9.817122054082700732e-04,-6.644047011710199624e-02,-3.076630988537857117e-02,1.426176554678226273e-02,-6.531756012819198154e-02,-4.832137818375181054e-02,1.063836467775887938e-02,5.010039719761660154e-02,7.350972266950735710e-03,2.693886851883645073e-02,7.549782331823695798e-03,8.275789011602849299e-03,-3.728248104619304865e-02,7.012042421555607363e-02,-3.164259767237303372e-02,3.432816069200948783e-02,8.128311038436601688e-02,2.217566810109979428e-02,1.946438960108850744e-02,-6.540909663950030505e-03,3.713574107510640016e-02,-5.500536013314070299e-02,3.768714418181733083e-02
5.778256901005447699e-02,1.727868641995178034e-01,6.359398533981918192e-03,-7.422207882428895342e-02,-3.525705513477928044e-02,9.727071472637920449e-03,-6.592631213188225592e-02,-5.308934773095828202e-02,1.090374277255593168e-02,5.122132603190456684e-02,1.719237649905408158e-02,2.570708839277065921e-02,1.211400888956514973e-02,1.492292417048661675e-02,-4.281598303266865441e-02,6.403070281513477402e-02,-2.798783350671758471e-02,2.775000255440384853e-02,8.130093210040259533e-02,2.490813606635680633e-02,2.461103313259802028e-02,-1.348627927753339416e-02,4.314982652481805930e-02,-6.442820473265133130e-02,3.115890912255710882e-02
5.661401285498555286e-02,1.749165451820695327e-01,8.664780289495407212e-03,-7.753428877360227234e-02,-3.718739025446540780e-02,7.807232054306633730e-03,-6.617797836586838955e-02,-5.513392824326076441e-02,1.101850656444974992e-02,5.169987949851682918e-02,2.138290669355830467e-02,2.517792120703374673e-02,1.407018874075399370e-02,1.775126354967672404e-02,-4.516123798343354978e-02,6.143139671219580850e-02,-2.643062428578654699e-02,2.495556468216742277e-02,8.128820464861855055e-02,2.608392989182769378e-02,2.681459416446009200e-02,-1.643329506558536407e-02,4.572889552580246264e-02,-6.844663902513915821e-02,2.837676959878734917e-02
5.554788486051328439e-02,1.768378453148940210e-01,1.075780709400685382e-02,-8.052961685341052112e-02,-3.894227134335155605e-02,6.075941552003180646e-03,-6.640226834957863034e-02,-5.699016544421057345e-02,1.112282318539608607e-02,5.213295561576458681e-02,2.517339950028892048e-02,2.469727595846939183e-02,1.584549287831315406e-02,2.030878611320681773e-02,-4.727716273675316300e-02,5.907728350883809099e-02,-2.502105033913831073e-02,2.243053022905364124e-02,8.126646948080570865e-02,2.715343256737332359e-02,2.881374534797442183e-02,-1.909424283614813422e-02,4.807062557700834265e-02,-7.208434796275545176e-02,2.585890878674323642e-02
-9.637214751597272810e-02,3.229624363827920952e-01,1.908335704600283289e-01,-3.149529118609003531e-01,-2.729346390908964914e-01,-8.039216238151908334e-02,-7.348004189736197234e-03,-2.452647273034046782e-01,5.914285279296517539e-02,1.484540553864669155e-01,2.653862758618129591e-01,-6.733348033938788002e-02,2.593679988300450212e-01,1.816307436595367419e-01,-1.424224794398060157e-01,-1.264762416512437704e-01,2.984438595136734360e-02,-3.477397182518860569e-02,2.053334030895964668e-02,1.573529344435231903e-01,2.133179399048407698e-01,-7.950162174137824500e-02,3.394217310696634460e-01,-3.061183571728401942e-01,-1.621848019935039076e-01
4.761131198945112164e-02,1.327544099900452024e-01,-1.762309533292505045e-02,-2.116173091574866105e-02,-3.293474938933669410e-02,6.336090149123653481e-02,-4.045333585814611665e-02,-4.510859702546203553e-02,2.453726328356939032e-02,6.307355682588731971e-02,-6.239547077072707393e-02,1.384912780414834961e-02,1.088448132100394532e-02,-4.549802275533642443e-02,1.674816556691607547e-02,1.006399034810521176e-01,-7.198195659562493798e-02,1.139902026542761321e-01,6.091748984973394815e-02,2.174339038831636650e-02,-2.239461829694303595e-03,7.018871958728885307e-02,2.962162037767364711e-02,-3.054087458184813475e-03,8.415920631705284261e-02
7.151671672650847245e-02,1.161665006518052545e-01,-4.232806828927912490e-02,7.762371887534862125e-03,-2.384071959420541471e-03,6.854315051250493840e-02,-4.942841492952540494e-02,-1.555992966585535361e-02,1.490692668116387967e-02,4.762897070487227824e-02,-9.076085420727009190e-02,2.962356872894898394e-02,-2.153143730902597891e-02,-6.134672425378577543e-02,2.551875520774053371e-02,1.245533488892341806e-01,-7.429262248996139351e-02,1.145584224482464192e-01,6.986985619533520042e-02,4.669406783999644796e-03,-2.382519662870304783e-02,7.563824425479584446e-02,-6.026100652272473393e-03,3.181814573455473555e-02,1.027235982808868131e-01
7.843598926705593055e-02,1.239794362056087923e-01,-4.102272409624110189e-02,-1.065328922635756792e-03,2.338953528359704031e-03,5.555053843544777159e-02,-5.739011110273866539e-02,-1.228106633260364275e-02,1.000237701701646789e-02,4.247074649293664655e-02,-7.582310910891744415e-02,3.503170108347632844e-02,-2.659529825632073186e-02,-4.887458151937698614e-02,1.197262410975735540e-02,1.197060108319230182e-01,-6.386592133617553790e-02,9.353620846437443737e-02,7.707760155003968994e-02,2.200861892053612972e-03,-2.127421989122442805e-02,5.577488133282373917e-02,-8.764149583607877894e-03,2.265399632113067677e-02,9.269753579440291602e-02
7.667569524832050509e-02,1.313528014952108636e-01,-3.488309802122079029e-02,-1.163303773614750465e-02,-1.896658369509716295e-03,4.802774917227284335e-02,-5.945026848088410393e-02,-1.711237208271680979e-02,9.591019605769135481e-03,4.309781489916059832e-02,-6.210967262704247815e-02,3.440137866385188647e-02,-2.218662297584922047e-02,-3.918263351448984105e-02,3.271782078371557930e-03,1.120123740907622151e-01,-5.807543343565946259e-02,8.268149163415131064e-02,7.863569625165917065e-02,4.746021808691784985e-03,-1.518238825131879889e-02,4.452030266285925825e-02,-2.447831683209159524e-03,1.038339488415841207e-02,8.362602170682451042e-02
7.422740897826614337e-02,1.383699842455375084e-01,-2.851394749688471522e-02,-2.193266695144235195e-02,-6.741656455998826757e-03,4.125992149962896122e-02,-6.093637897008952892e-02,-2.246358702171215999e-02,9.551423122701779150e-03,4.414309785809433090e-02,-4.896299723913351276e-02,3.331695213589761645e-02,-1.715401873954619863e-02,-3.006482595273521699e-02,-4.709387538672869973e-03,1.043289832428088287e-01,-5.285709027839345653e-02,7.301469575232993892e-02,7.961375879297866165e-02,7.652952558529247350e-03,-8.962083012530069892e-03,3.437036754677631062e-02,4.412564016942885359e-03,-1.730009563198705571e-03,7.493861211471355976e-02
7.166060936802599868e-02,1.446702157936852751e-01,-2.251960128317984089e-02,-3.131029992078778607e-02,-1.148256079890168369e-02,3.534790055433058298e-02,-6.205943516229991269e-02,-2.763046574462132629e-02,9.665979383119744153e-03,4.527096072626438789e-02,-3.706652574999776129e-02,3.213174974039716830e-02,-1.224429856524286882e-02,-2.189441883025718127e-02,-1.176145573608887614e-02,9.723443675138548903e-02,-4.827555269172503077e-02,6.458578860832590862e-02,8.024385589998074553e-02,1.050385252274642529e-02,-3.148370537643596038e-03,2.547312258648591968e-02,1.098553339571280846e-02,-1.284705301292018292e-02,6.707814559195870996e-02
6.691926650138305122e-02,1.550514373403799329e-01,-1.221798026037659163e-02,-4.696943028082386368e-02,-1.984293386355694480e-02,2.579415982685788825e-02,-6.364611256023003372e-02,-3.665071162571974239e-02,1.003070248227376678e-02,4.735021369274444725e-02,-1.725985830323671297e-02,2.991822264670631476e-02,-3.625997887810383530e-03,-8.394109278663903009e-03,-2.326903889058783842e-02,8.523652277844906422e-02,-4.080479999154137949e-02,5.093216711019733084e-02,8.092294892390701488e-02,1.555007463024665228e-02,6.791281759968787260e-03,1.102462440553679708e-02,2.240489593039857175e-02,-3.155231867981763555e-02,5.398380653299880011e-02
6.484467792637420291e-02,1.592823699841724172e-01,-7.890963491034845567e-03,-5.341605327650974372e-02,-2.340438614069660292e-02,2.194162616383646403e-02,-6.422819966304975370e-02,-4.046812407303653630e-02,1.021909439119939554e-02,4.824771237049611111e-02,-9.112366559932048860e-03,2.895239585158400006e-02,2.875538023387601649e-05,-2.865847570905268298e-03,-2.793856394385322087e-02,8.025306245750273015e-02,-3.776350742722612425e-02,4.540337111128344566e-02,8.109539977977629766e-02,1.770661148249964498e-02,1.095242543127915996e-02,5.172101503598982956e-03,2.722635339177948213e-02,-3.929587968764707007e-02,4.859268762073633285e-02
6.296851240006232087e-02,1.629914117811150365e-01,-4.042036663829328032e-03,-5.909619749354996787e-02,-2.658949955998293410e-02,1.857691393581716033e-02,-6.471584001005457887e-02,-4.387171543549414632e-02,1.039684386038162815e-02,4.905065599453270475e-02,-1.933386242215967814e-03,2.808306617353623080e-02,3.288424233221544368e-03,1.996652442043619392e-03,-3.202725389146874463e-02,7.584399676068714902e-02,-3.509184055115681378e-02,4.056054389834173185e-02,8.120256142074580574e-02,1.963839004957096401e-02,1.464811857105417781e-02,4.800836525727491790e-05,3.152213411510034619e-02,-4.613689978387944951e-02,4.383937185664039254e-02
5.974640356829934856e-02,1.691476016971462104e-01,2.455856888134776844e-03,-6.858152810572376579e-02,-3.199549095667227755e-02,1.301048141024891726e-02,-6.548773259516380008e-02,-4.962805987806200719e-02,1.071061535821434853e-02,5.040815231709298155e-02,1.005828579246601656e-02,2.660172860922354471e-02,8.800902658245731564e-03,1.010515401124699453e-02,-3.880839766722851691e-02,6.844735916846089729e-02,-3.063729953832576569e-02,3.251605681035903833e-02,8.129479614338239180e-02,2.292315110756506374e-02,2.087610773790125884e-02,-8.455208099651691928e-03,3.878395427910050208e-02,-5.759539544049693816e-02,3.589200934994983549e-02
5.836351050599092316e-02,1.717184042179404901e-01,5.208623368869303057e-03,-7.256350853697690617e-02,-3.429458670642687723e-02,1.069065024243587292e-02,-6.579872612662265863e-02,-5.206882444111307628e-02,1.084660217441748252e-02,5.098192891779450286e-02,1.509436080739063983e-02,2.597105443566206581e-02,1.113735025242359143e-02,1.350648465389801822e-02,-4.163939928764161941e-02,6.533071250928985940e-02,-2.876713840840283698e-02,2.915038341970418306e-02,8.130279435939932742e-02,2.432215058148586365e-02,2.351046321820341595e-02,-1.200863040756587619e-02,4.186258421724312062e-02,-6.241767042845694502e-02,3.255125500690146667e-02
5.710950027214694441e-02,1.740166404326456973e-01,7.688748031311511133e-03,-7.613367753404483296e-02,-3.636979653227721820e-02,8.618352419035982259e-03,-6.607204765688576287e-02,-5.426830055483815307e-02,1.096988516091571692e-02,5.149745561116015474e-02,1.961076446249884406e-02,2.540200088645912582e-02,1.324207731797189501e-02,1.655530689800631047e-02,-4.417022681836624276e-02,6.253105124089668176e-02,-2.708927853068736347e-02,2.613690557931865055e-02,8.129504395528693028e-02,2.558583744547608327e-02,2.588187205752706666e-02,-1.518772109936420908e-02,4.463695118634574549e-02,-6.674685537279662073e-02,2.955349631191896490e-02
5.596909200700582454e-02,1.760811799527612631e-01,9.932018506011492179e-03,-7.934915129340720796e-02,-3.824964046009868973e-02,6.757710256151562740e-03,-6.631422898430773538e-02,-5.625781349041975021e-02,1.108166662492033293e-02,5.196226099808169685e-02,2.367945687869532634e-02,2.488692308858483221e-02,1.514515401101945713e-02,1.930087610527678535e-02,-4.644382718838174773e-02,6.000543065108283891e-02,-2.557673973174847543e-02,2.342544798636981770e-02,8.127618753802431928e-02,2.673124941307975302e-02,2.802515767564192628e-02,-1.804600172838553493e-02,4.714669531652693202e-02,-7.065030480679128366e-02,2.685142263001139701e-02
5.397709368642235328e-02,1.796330211617839234e-01,1.382508498206317174e-02,-8.489954274116980060e-02,-4.151768048784792997e-02,3.557961385821582258e-03,-6.672448445005035866e-02,-5.971005951047134164e-02,1.127545574025131878e-02,5.276480155070046446e-02,3.070493528666286623e-02,2.399291726929575139e-02,1.844547474732567346e-02,2.403991454920311951e-02,-5.035586717334080559e-02,5.563718520194139983e-02,-2.296168177755058062e-02,1.874934769093870510e-02,8.121754943561244888e-02,2.872390848312623979e-02,3.174098306284952459e-02,-2.297000621546850876e-02,5.150251889801543692e-02,-7.739754099535223197e-02,2.218220214071509391e-02
-9.045410430351463749e-02,3.057212168087035109e-01,1.736061580878105470e-01,-2.915424758607006450e-01,-2.537304478129733254e-01,-6.295560915900286214e-02,-7.259318651384718581e-03,-2.354588679588685562e-01,6.208650699025435732e-02,1.483809314382983080e-01,2.343142517112105916e-01,-6.805720843238675932e-02,2.409991211410990597e-01,1.555857887002829731e-01,-1.262864524031286628e-01,-1.071481356167340582e-01,1.283567100357096633e-02,-9.553236020009800780e-03,2.444008952538164955e-02,1.454215100573292008e-01,1.910477472668579701e-01,-6.395596362001905455e-02,3.109023764176566118e-01,-2.869073882993777858e-01,-1.345080828712031384e-01
-1.797385560420940642e-03,1.817274847197885568e-01,4.249563975606653748e-02,-1.011993296616595234e-01,-1.017382107985754097e-01,3.507399788899303456e-02,-2.701496090908070760e-02,-1.111991663673750352e-01,4.194081936670488592e-02,9.479694469721737515e-02,2.246812379129468559e-02,-1.788713518675224406e-02,8.397273814594899410e-02,7.030950262339318892e-03,-1.973672474136941093e-02,3.787835913889010114e-02,-5.483971706178997207e-02,8.992262973282413863e-02,4.754871797416107548e-02,6.011094350114455642e-02,5.277093236846285701e-02,3.610996213963939966e-02,1.135540175833139320e-01,-9.509182021365988891e-02,2.713257561089949671e-02
5.534843527302943378e-02,1.263322838081671062e-01,-2.628630748608913256e-02,-1.035812950774694756e-02,-2.268389578568020745e-02,6.625879581556225195e-02,-4.294413070267831534e-02,-3.513854428163980248e-02,2.158883204017086888e-02,5.809950546246789305e-02,-7.346388433394976381e-02,1.889930650644708332e-02,-2.513036491680278668e-07,-5.202891644624962203e-02,2.090082533624377376e-02,1.093343916543840499e-01,-7.362091950426603859e-02,1.158518480348490198e-01,6.342702140737808969e-02,1.601887587921913339e-02,-9.935563743440699314e-03,7.365654616703258550e-02,1.742073076180182187e-02,9.762705755163501170e-03,9.144689127808607043e-02
7.402293076868082800e-02,1.155911850353235765e-01,-4.416379541878387438e-02,9.208842006972384545e-03,4.313836770463818759e-04,6.775071018456302330e-02,-5.084714400183568128e-02,-1.293221388646835154e-02,1.371041822835268945e-02,4.596864841580814570e-02,-9.163633424350520196e-02,3.134209519232986768e-02,-2.451560158483041818e-02,-6.145574202778825851e-02,2.497815455786377842e-02,1.259971857640586057e-01,-7.353632291055893500e-02,1.127251503094037349e-01,7.123774590477600921e-02,3.098698198725881228e-03,-2.530007410357773545e-02,7.428543750457131112e-02,-9.054512962793172248e-03,3.374236090834448198e-02,1.032652444276252746e-01
7.849517320276443166e-02,1.189495037330723926e-01,-4.449533738605399719e-02,5.818580110065266209e-03,4.030897902959653528e-03,6.130982266634643629e-02,-5.525206644138275919e-02,-1.008715183860530752e-02,1.084187705248489467e-02,4.276335724185285209e-02,-8.515513659448510631e-02,3.469996148360532384e-02,-2.834946299705599221e-02,-5.572393287879701118e-02,1.842339934853192904e-02,1.244829585164151237e-01,-6.832766824471182832e-02,1.020789002945994006e-01,7.528433469302719949e-02,1.154136208735715829e-03,-2.487571376339105245e-02,6.440509199003824348e-02,-1.183829674801418347e-02,3.046734414890533288e-02,9.888946740666167134e-02
7.808307445570356053e-02,1.259750014655368344e-01,-3.944135255921036448e-02,-3.888794889760758232e-03,1.322316746855600180e-03,5.344882426128576280e-02,-5.802554204415361072e-02,-1.346887323061264283e-02,9.832333864871457829e-03,4.256520445977839823e-02,-7.211968058438528173e-02,3.494139150182535430e-02,-2.553690359984379932e-02,-4.622949961868959984e-02,9.565485213277670137e-03,1.176777485881277119e-01,-6.224698026300099635e-02,9.048263703865619401e-02,7.757895738815823172e-02,2.813832746448430028e-03,-1.968878605004968640e-02,5.263158203342498814e-02,-7.189100559494863985e-03,1.939740064544976869e-02,9.024583844917780096e-02
7.600208189481651166e-02,1.334477291961751466e-01,-3.302260216275290650e-02,-1.468882271284590452e-02,-3.282562393723542204e-03,4.597993623955311249e-02,-5.992799584334728563e-02,-1.865381619439674191e-02,9.554452706072734738e-03,4.337852804661512796e-02,-5.819568424793407357e-02,3.411203635878111429e-02,-2.074563074161540899e-02,-3.645541070849037807e-02,8.691902476997278530e-04,1.097472718991764351e-01,-5.649857170921677302e-02,7.975150138947127709e-02,7.896564370007257139e-02,5.577130449776476935e-03,-1.335889054027549101e-02,4.145256906291215626e-02,-4.633211526998141016e-04,6.801999599855167687e-03,8.103919416847260582e-02
7.083865585929691178e-02,1.465623272418138667e-01,-2.067833828696028636e-02,-3.414642164615947634e-02,-1.296090304106607347e-02,3.359247692752430348e-02,-6.236935234042509379e-02,-2.923267193287373833e-02,9.719050463918181559e-03,4.563311558119851480e-02,-3.347572173456825340e-02,3.174870985926816352e-02,-1.071654394346074381e-02,-1.943886549165557351e-02,-1.386672488205100903e-02,9.507413109904987170e-02,-4.690966665576295352e-02,6.208153471948749114e-02,8.039777751647221582e-02,1.139442142480453189e-02,-1.367755305960438204e-03,2.282507934759741772e-02,1.301782561742605149e-02,-1.622277084227789420e-02,6.470514642053057375e-02
6.838581534309430554e-02,1.519622157920003658e-01,-1.533245665199939670e-02,-4.228524825737604853e-02,-1.729501720072614337e-02,2.861962408881540965e-02,-6.320038479823153477e-02,-3.391130058057034019e-02,9.905421486631531269e-03,4.671044048891542788e-02,-2.318103520036360332e-02,3.060293593499390993e-02,-6.246880854647082933e-03,-1.241972752762608712e-02,-1.985392861439821618e-02,8.884251523596187194e-02,-4.302417412885051196e-02,5.497743140848375398e-02,8.076104784249030222e-02,1.400969246770914466e-02,3.791589026291673856e-03,1.530719308539423354e-02,1.894175051243292968e-02,-2.594058090601722780e-02,5.789981640045431532e-02
6.613461213192500798e-02,1.566693122004094441e-01,-1.057156243003521540e-02,-4.943037153451097787e-02,-2.119536105042561791e-02,2.431888749783293197e-02,-6.387228240832786008e-02,-3.810186819259522156e-02,1.010067285180039909e-02,4.769077875341092704e-02,-1.414953065545840848e-02,2.955245562432329276e-02,-2.236929463380202612e-03,-6.282307364254053131e-03,-2.505551157022877992e-02,8.333684680373742992e-02,-3.964232046999131842e-02,4.881689287016462153e-02,8.099542167739229304e-02,1.636854447326593215e-02,8.375422785267455650e-03,8.785298526796530422e-03,2.423825677829253081e-02,-3.450566026337628656e-02,5.192613114509590094e-02
6.409427526820669907e-02,1.607781123099625009e-01,-6.344929305939903640e-03,-5.570349837169226437e-02,-2.468203168279824514e-02,2.058351480396432287e-02,-6.442717122802923968e-02,-4.183453823755091394e-02,1.028953507242498164e-02,4.856990839809768867e-02,-6.221427967374176284e-03,2.860416197296365010e-02,1.337332993831437172e-03,-9.068747788030092835e-04,-2.958782754630716674e-02,7.847944064701702083e-02,-3.668693572649976004e-02,4.345031917360237667e-02,8.114342680868641411e-02,1.848116718973108474e-02,1.243752687068588707e-02,3.105270189533855009e-03,2.895121820983634353e-02,-4.204885284559340547e-02,4.667892039450955571e-02
6.225411062381745048e-02,1.643781771489851717e-01,-2.590057958364316501e-03,-6.122667892269906265e-02,-2.779461503052639559e-02,1.732128188918305098e-02,-6.489347640130831152e-02,-4.515709817866343095e-02,1.046573889852396057e-02,4.935404800539773540e-02,7.595742027800395611e-04,2.775327863668615100e-02,4.519497125074651081e-03,3.818920048319638175e-03,-3.355520534033590990e-02,7.418620221547006510e-02,-3.409090981820593613e-02,3.874963230134004233e-02,8.123250331851480932e-02,2.037001019370194774e-02,1.604098102660753145e-02,-1.867225936034124043e-03,3.314395797551269313e-02,-4.870691939316753455e-02,4.205549707519937175e-02
6.059614150376958774e-02,1.675477380321193643e-01,7.543261987495399794e-04,-6.610966296753277571e-02,-3.057684285188706080e-02,1.445535354798689089e-02,-6.529107080802860896e-02,-4.811985435808224798e-02,1.062726472984323357e-02,5.005290440102021926e-02,6.932705034059923228e-03,2.699082659595659905e-02,7.356812967637113565e-03,7.993101463632194120e-03,-3.704647865026122755e-02,7.037874891252328402e-02,-3.179791842430446103e-02,3.460831266902145154e-02,8.128083800404829751e-02,2.206048113041035943e-02,1.924657124735866184e-02,-6.244893742380796219e-03,3.688153777754043378e-02,-5.460536459356431227e-02,3.796443587946676107e-02
5.910072172351577696e-02,1.703528474524182990e-01,3.743569976485860897e-03,-7.044683571444754211e-02,-3.307039529425343655e-02,1.192263013249342599e-02,-6.563426791914067637e-02,-5.076972799808653070e-02,1.077408193767602149e-02,5.067673204150902749e-02,1.241720861188368163e-02,2.630686145515019961e-02,9.893872306520435506e-03,1.169859891178277357e-02,-4.013564834903880774e-02,6.698820816508611886e-02,-2.976136116204759416e-02,3.093877465368587848e-02,8.130074948585148953e-02,2.357709071252322292e-02,2.210872619079702270e-02,-1.012082355393033664e-02,4.022398683100334577e-02,-5.985348672066338055e-02,3.432742992425828060e-02
5.774895966527900104e-02,1.728484770898715828e-01,6.425877298668858720e-03,-7.431778499548860606e-02,-3.531267862553255643e-02,9.671515405708071625e-03,-6.593364140238756888e-02,-5.314830402835338946e-02,1.090704747112230394e-02,5.123514588292367444e-02,1.731344781237019112e-02,2.569183508967916307e-02,1.217042610110051146e-02,1.500465450322145330e-02,-4.288383119244703473e-02,6.395565441173309273e-02,-2.794285622292762630e-02,2.766921857397617798e-02,8.130073233407145161e-02,2.494200723499710726e-02,2.467459896596521998e-02,-1.357150461588829161e-02,4.322419229936030199e-02,-6.454425514658543306e-02,3.107854925109499594e-02
5.652366742798963645e-02,1.750801463133767888e-01,8.842516856537918635e-03,-7.778907852459938932e-02,-3.733632779697892284e-02,7.659787844764407230e-03,-6.619717430015986670e-02,-5.529156010971933433e-02,1.102736378944906524e-02,5.173671041771039231e-02,2.170530233342320495e-02,2.513711073341703614e-02,1.422097395716428493e-02,1.796881853909693474e-02,-4.534140518594886177e-02,6.123127689047139222e-02,-2.631077696973619859e-02,2.474070990882848084e-02,8.128673201335180620e-02,2.617467826992728175e-02,2.698441196925860028e-02,-1.665978871704398845e-02,4.592774508455690213e-02,-6.875593553892885013e-02,2.816266533881405659e-02
5.540962798533674571e-02,1.770855407869306730e-01,1.102855068880918658e-02,-8.091627433730134988e-02,-3.916942798991641939e-02,5.852779501906171800e-03,-6.643100892128121771e-02,-5.723026906556549775e-02,1.113631390157119455e-02,5.218886830832125678e-02,2.566276410064236013e-02,2.463509703056198513e-02,1.607507667864226455e-02,2.063892108383238652e-02,-4.754996309279516109e-02,5.877316464734038542e-02,-2.483898346036065435e-02,2.210470081226758102e-02,8.126296170706878708e-02,2.729190997077081751e-02,2.907224597242196937e-02,-1.943746905656569546e-02,4.837354954600054519e-02,-7.255417948562978281e-02,2.553375140493687953e-02
5.439355590683245256e-02,1.788959375949729369e-01,1.301369238918160913e-02,-8.374579275709863324e-02,-4.083600083696230232e-02,4.221887729535446498e-03,-6.663995030066667546e-02,-5.899062656214570238e-02,1.123513611821938367e-02,5.259800989892347844e-02,2.924431792997726764e-02,2.417921639012681270e-02,1.775792278588180645e-02,2.305480978067697695e-02,-4.954396604098984525e-02,5.654607439649245865e-02,-2.350577470009571068e-02,1.972100758303500095e-02,8.123243768252925989e-02,2.830812381714797182e-02,3.096692146701722839e-02,-2.194741202648065048e-02,5.059467160944677855e-02,-7.599406357795862599e-02,2.315332476418249796e-02
5.346393152285044970e-02,1.805373967453606787e-01,1.482313231199055593e-02,-8.631653249813989182e-02,-4.235655234139063668e-02,2.743384033078143276e-03,-6.682781276233684675e-02,-6.059490863246473624e-02,1.132496977899550943e-02,5.296959283218409531e-02,3.249898341354025277e-02,2.376380816773554852e-02,1.929094252998718798e-02,2.524980761875661450e-02,-5.135209727884790937e-02,5.452031907264168198e-02,-2.229304221189922289e-02,1.755618974029286503e-02,8.119733714931665070e-02,2.923566291942475762e-02,3.269282884488241420e-02,-2.422527807327326879e-02,5.261919952906694148e-02,-7.912189441840811188e-02,2.098911105551926060e-02
-8.219152481326229276e-02,2.879605054625977156e-01,1.565262853692191980e-01,-2.661787374382920124e-01,-2.335943739110435957e-01,-4.601291417543765944e-02,-8.377163286684211063e-03,-2.228861914708848702e-01,6.271893821151912352e-02,1.448698122025538215e-01,2.039862640279576922e-01,-6.538097411231805212e-02,2.211499571179607604e-01,1.315694534952673855e-01,-1.099444593329850506e-01,-8.773137194520290449e-02,-1.043230702671783415e-03,1.071010442801112635e-02,2.763265509055035443e-02,1.337972464069067391e-01,1.700808920058922979e-01,-4.876410246233299495e-02,2.827233734276661803e-01,-2.649069483287813664e-01,-1.084554037063386739e-01
6.108151163376445564e-02,1.220318730414952507e-01,-3.241942682826884359e-02,-2.982891783658243434e-03,-1.525075184713577114e-02,6.787007987227690331e-02,-4.496347889089662153e-02,-2.792111440972760289e-02,1.933030070345053211e-02,5.440629492274006579e-02,-8.084575865386077476e-02,2.266526195097129381e-02,-7.888373397274198520e-03,-5.625818449140645994e-02,2.340722924409314662e-02,1.153625942065464594e-01,-7.445071687692284002e-02,1.165106607719541415e-01,6.545451593812481872e-02,1.186445664909822201e-02,-1.532842963926379747e-02,7.549588446296021105e-02,8.677103847074122897e-03,1.860625330065892799e-02,9.628537316902376075e-02
7.866369323505664757e-02,1.204499858663373585e-01,-4.357253607163055764e-02,3.816290633211610710e-03,3.721282491866086724e-03,5.948684474814144862e-02,-5.601104832765738117e-02,-1.056269052749517559e-02,1.049817461805870739e-02,4.255526168281341393e-02,-8.236806180980404957e-02,3.492576711186427818e-02,-2.803155641680857291e-02,-5.363733986293041378e-02,1.641072056825348263e-02,1.231310558566411500e-01,-6.690887422015341646e-02,9.933587275420496798e-02,7.593759828093110675e-02,1.355562359319303738e-03,-2.388750988427237529e-02,6.166808624997979771e-02,-1.112155761102698835e-02,2.822225614564619761e-02,9.703699627837546193e-02
7.765256429807194938e-02,1.278633458022150338e-01,-3.788291526265697567e-02,-6.588800651810306809e-03,2.589467683862162238e-04,5.151200076886290613e-02,-5.856557740174900273e-02,-1.468636635141741704e-02,9.717801532410768120e-03,4.271412393746631952e-02,-6.861037908296185872e-02,3.479260792439849148e-02,-2.442978392799984022e-02,-4.374472131473808312e-02,7.329456731546954776e-03,1.157170139572303025e-01,-6.075646196631716983e-02,8.768557087794003058e-02,7.799127037336724133e-02,3.452862640469610625e-03,-1.813990360694220372e-02,4.973474351488831047e-02,-5.593811066434637054e-03,1.626648325957080060e-02,8.792417179016874529e-02
7.269483108489320500e-02,1.422133731895050268e-01,-2.488339756016325066e-02,-2.764080595760673442e-02,-9.598342918893493572e-03,3.763979284342779813e-02,-6.163965713667642760e-02,-2.558275081950844854e-02,9.608768245589973875e-03,4.481538736028305853e-02,-4.171654438121480402e-02,3.261196531381438390e-02,-1.419375466134113577e-02,-2.508102559536411549e-02,-9.020179159109900299e-03,1.000199320150995802e-01,-5.005485339170890474e-02,6.785374211584931092e-02,8.002096803207228715e-02,9.369884255102529577e-03,-5.437552014391448113e-03,2.892604100422961275e-02,8.384549671541331045e-03,-8.488342369930547415e-03,7.015076454230496916e-02
7.008712246216290687e-02,1.482526923442214484e-01,-1.901895806834630331e-02,-3.668721179001704219e-02,-1.430009220788909692e-02,3.203038532107734676e-02,-6.263745989208067966e-02,-3.068109738972346970e-02,9.772257359328439738e-03,4.596391901018480330e-02,-3.026061404417833278e-02,3.139787539118328585e-02,-9.333970113158424065e-03,-1.724363926301816091e-02,-1.574392069828397384e-02,9.313366553452358254e-02,-4.569180598997191201e-02,5.985176367658471414e-02,8.052315032785718751e-02,1.220182075233309724e-02,2.352866491786982889e-04,2.046616799410283863e-02,1.485328780854425733e-02,-1.925178726553163772e-02,6.258015261505422977e-02
6.765279281676603307e-02,1.535175689574211633e-01,-1.376926936768100955e-02,-4.464116570790565425e-02,-1.857202894174691740e-02,2.719556449385252331e-02,-6.342719286874771989e-02,-3.528521843269571273e-02,9.967039799926009566e-03,4.703071436431304625e-02,-2.020276398719665634e-02,3.026055801961817851e-02,-4.932662316159270623e-03,-1.039396915308908598e-02,-2.157408221289836350e-02,8.703053854176795445e-02,-4.190671523868239046e-02,5.293950891583108082e-02,8.084650479847932392e-02,1.478146669370051028e-02,5.297677005407506676e-03,1.314975668625014381e-02,2.067904993087091303e-02,-2.876139004706654290e-02,5.593030580601266594e-02
6.543248292562112156e-02,1.580984805681140692e-01,-9.108690388467273122e-03,-5.160861029576256642e-02,-2.239985576242302726e-02,2.301790458029958145e-02,-6.406831150414740716e-02,-3.939269740233130451e-02,1.016466693251198185e-02,4.799439567462478184e-02,-1.139662826804930217e-02,2.922562288956375570e-02,-1.001045222807813101e-03,-4.414628682588637824e-03,-2.663266291317764947e-02,8.165257198822248319e-02,-3.861499168937058274e-02,4.694959112013391556e-02,8.105267114266923034e-02,1.709795969330731719e-02,9.782088903730983692e-03,6.808662513071728380e-03,2.586850048428598545e-02,-3.712253276181923245e-02,5.010451041760099339e-02
6.342729548759817870e-02,1.620936900796672020e-01,-4.978260162234371747e-03,-5.771897874970240844e-02,-2.581343476172837104e-02,1.939039071621410926e-02,-6.459954710336909822e-02,-4.304327698788539686e-02,1.035290482167527774e-02,4.885512335660625871e-02,-3.674104755333591765e-03,2.829522693595790117e-02,2.494983703713826023e-03,8.182681963619538573e-04,-3.103794563447075106e-02,7.691450003052675843e-02,-3.573914653735593694e-02,4.173267208573985115e-02,8.118027266833804934e-02,1.916744749293326430e-02,1.374963781416652792e-02,1.287932277456067982e-03,3.047673120290958146e-02,-4.447672339184126356e-02,4.499221477140166042e-02
6.162266178272013395e-02,1.655931186993670756e-01,-1.312314439594925320e-03,-6.309617289256941319e-02,-2.885656576368428317e-02,1.622212976588715064e-02,-6.504720648120189408e-02,-4.628873193288138288e-02,1.052703093167211591e-02,4.962108882637827206e-02,3.122838480841550347e-03,2.746240068675564680e-02,5.603277539688241403e-03,5.417399018720658530e-03,-3.489359911803403824e-02,7.272975097502944186e-02,-3.321289643204117237e-02,3.716267443814937066e-02,8.125430990598449255e-02,2.101502355539417236e-02,1.726612621726416816e-02,-3.545141692277658726e-03,3.457162826103220982e-02,-5.096388761157586572e-02,4.048962464374220721e-02
5.999880030099687123e-02,1.686740534004904091e-01,1.951285876273956693e-03,-6.784937669951052186e-02,-3.157460039172650668e-02,1.343804784399333860e-02,-6.542978449331031399e-02,-4.918077147762324464e-02,1.068583209408251362e-02,5.030284429485144121e-02,9.132460206624108678e-03,2.671717958187627348e-02,8.372652891586378904e-03,9.479635160523126186e-03,-3.828689726657812792e-02,6.901969512854749800e-02,-3.098107863426662403e-02,3.313551164887254541e-02,8.129138679077783924e-02,2.266716298898978008e-02,2.039298182012373034e-02,-7.800901863737579565e-03,3.821976368604295543e-02,-5.670948536914788979e-02,3.650595673170241307e-02
5.721298988290802329e-02,1.738281088576125455e-01,7.484616656356538923e-03,-7.584043703373974377e-02,-3.619886480782723293e-02,8.788303753916447414e-03,-6.604978007048262212e-02,-5.408726081349180675e-02,1.095972140022020286e-02,5.145508502782007026e-02,1.923976073110714169e-02,2.544885839290131346e-02,1.306886681185510414e-02,1.630490684901379772e-02,-4.396261145860948932e-02,6.276118881640666003e-02,-2.722714565890961905e-02,2.638429607641583699e-02,8.129620612054146156e-02,2.548171837295210712e-02,2.568676121776589452e-02,-1.492682877551525060e-02,4.440858441930926881e-02,-6.639107718130012048e-02,2.979981387678119070e-02
5.601471032095734631e-02,1.759990435170923351e-01,9.842495263071229447e-03,-7.922107491575332283e-02,-3.817457244461792965e-02,6.831721365291001241e-03,-6.630464985085327001e-02,-5.617841834747881735e-02,1.107720443211764744e-02,5.194374225571923853e-02,2.351737726368452810e-02,2.490748200156096478e-02,1.506922288393508676e-02,1.919152045093444961e-02,-4.635336993489469481e-02,6.010610141952661689e-02,-2.563701602133208052e-02,2.353340831271491518e-02,8.127715195418949712e-02,2.668549765042904295e-02,2.793965459869872728e-02,-1.793223704903059920e-02,4.704653377460200903e-02,-7.049474831593129098e-02,2.695908963839988015e-02
5.492536221419359876e-02,1.779505528894103350e-01,1.197567737612495291e-02,-8.226746705565098072e-02,-3.996434278590649258e-02,5.073497385274850814e-03,-6.653108244560392015e-02,-5.807018049682331762e-02,1.118348772704455020e-02,5.238425699788221840e-02,2.737298380552573643e-02,2.441758329361809823e-02,1.687809121774891050e-02,2.179258932088730047e-02,-4.850267619516877848e-02,5.770999634595487537e-02,-2.420252570527854641e-02,2.096626137495453610e-02,8.124944924639238009e-02,2.777656511738121892e-02,2.997636395239360388e-02,-2.063643116803108232e-02,4.943326037060381123e-02,-7.419647068336265860e-02,2.439722743279058165e-02
5.393183864862075710e-02,1.797129467603800768e-01,1.391317815462498123e-02,-8.502471017326580782e-02,-4.159170740696616075e-02,3.485970426620197630e-03,-6.673363334384839474e-02,-5.978816509276499436e-02,1.127982994874907226e-02,5.278289417804808009e-02,3.086340172214319111e-02,2.397269256224984421e-02,1.852011177773438266e-02,2.414678710167372441e-02,-5.044390802370860710e-02,5.553855537022187733e-02,-2.290263699510130743e-02,1.864394381672594692e-02,8.121584947816616606e-02,2.876906464829941806e-02,3.182501079461058646e-02,-2.308091652108095609e-02,5.160108386384731211e-02,-7.754982980274607862e-02,2.207683011732625156e-02
5.302281410032498588e-02,1.813114645792416046e-01,1.567955886297385179e-02,-8.753056248194350519e-02,-4.307671090745999326e-02,2.046195500904993917e-03,-6.691592776636147433e-02,-6.135411516862872977e-02,1.136737299525692607e-02,5.314498730343410193e-02,3.403621905273906956e-02,2.356726161755500967e-02,2.001620502950148331e-02,2.628643629345459726e-02,-5.220483634178595816e-02,5.356290417172519108e-02,-2.171979767215662105e-02,1.653407755848148100e-02,8.117833460298708170e-02,2.967507364637738537e-02,3.350936046890150982e-02,-2.530021426554198566e-02,5.357741010184573910e-02,-8.059983249476905531e-02,1.996655789072293574e-02
