-2.450069671844897767e-01,2.262210937665162513e-01,2.028414776919251483e-01,-3.821346090801627793e-01,-3.580423387073029540e-01,-1.170067140859498145e-01,9.190952046832985556e-02,-2.581470941271393205e-01,5.667380462917596257e-02,7.495270800036894776e-02,3.918616976017206266e-01,2.500882314336188780e-02,2.392089583554339038e-01,3.068319202358215647e-01,-1.542755509428965222e-01,-1.530981868975820892e-01,1.551776200835263964e-01,-1.766326083538906633e-01,-5.333807068714183086e-02,2.841760716495751460e-01,3.564110572004843824e-01,-2.868306587313653941e-02,3.787478456563915796e-01,-3.147606236225173881e-01,-2.528109304853752293e-01
-1.732000948600623258e-01,1.917828990306407189e-01,1.648717313631306025e-01,-2.932352782393810031e-01,-2.460606635604164483e-01,-8.519342207758846819e-02,5.216272304558835365e-02,-2.382620666795094988e-01,1.030651807497616618e-01,1.487886758701483514e-01,2.532771865351088336e-01,-5.377859002378881231e-02,1.836303090643265357e-01,1.542729458047008562e-01,-1.422292008793408780e-01,-4.214744026138769056e-02,-6.706419082796393795e-03,-3.713224339076057895e-02,2.063037518336606480e-02,1.972908462486428760e-01,2.255964277110127092e-01,-7.720343756195470475e-02,2.740801026113173777e-01,-2.798621056107433724e-01,-1.083792147193916033e-01
-1.044713243985719020e-01,1.452512390204600545e-01,1.295150112113086782e-01,-1.684106754484180624e-01,-1.584653114501075599e-01,-8.860390169719536274e-03,2.716809921672306075e-02,-1.919704223720991865e-01,1.104951597026882504e-01,1.305190598351728681e-01,1.443342818812915207e-01,-4.773356373251035761e-02,1.145802317493742062e-01,6.246946976741848262e-02,-8.289944244940963824e-02,2.557901109876596635e-02,-5.725535461873071386e-02,3.047305732868092754e-02,3.098435124711900954e-02,1.415644171091440251e-01,1.292701012803719463e-01,-4.066329647629243066e-02,1.745032150554720329e-01,-2.129500947264617861e-01,-2.651240354307867961e-02
6.833373497341171943e-02,9.231466540832453105e-02,-2.859169603353243702e-02,1.658990084703923160e-02,-2.791761469310262422e-02,9.678062233442026596e-02,-4.798194566964524704e-02,-3.023058550286224222e-02,4.254138417701417568e-02,1.982426250176141588e-02,-8.283963812626964074e-02,7.245322527241285573e-03,-2.513544860618124183e-02,-5.599448870824629693e-02,1.220711980347224598e-02,1.598520417252350390e-01,-8.041593965476194483e-02,1.171143365841794265e-01,3.813022664252890132e-02,3.150527341396889419e-02,-1.810868619088336004e-02,7.036114644098599713e-02,-3.951580174324298596e-03,-2.072111084184308141e-03,8.964793891047238839e-02
1.022767055162854127e-01,1.145371776098236677e-01,-3.982142014283606563e-02,1.142220904514667894e-02,-1.903040022826146729e-03,8.022858286399522920e-02,-7.235841403780046699e-02,-8.292525577575362780e-03,2.949877017841231672e-02,2.132895066539080425e-02,-7.940385289954307590e-02,1.588274494964644901e-02,-4.203312456517670215e-02,-4.865316754871746446e-02,8.378614836608859386e-04,1.670185011987312118e-01,-9.844773941745187107e-02,9.487817260822675736e-02,6.614553317034210789e-02,1.160006983515138139e-02,-3.156300243050395860e-02,3.542140900290768196e-02,-1.783896872278266724e-02,1.173815077490937726e-02,8.961151743248668700e-02
9.381029729821131757e-02,1.249366405994051382e-01,-2.859351212144389809e-02,-7.551112062635412930e-03,-9.071663950389224559e-03,6.704747836756899670e-02,-7.215427856565700959e-02,-1.686888900412916031e-02,2.924054775796475908e-02,2.919893417608845909e-02,-5.647808762418874556e-02,1.449429638084560358e-02,-3.344776124476901008e-02,-3.515421698777299042e-02,-1.075448233773038283e-02,1.572679075485173550e-01,-9.394666216827941840e-02,7.861675102495975509e-02,7.025093329326807801e-02,1.542784947278366507e-02,-2.015339654397674263e-02,1.797736994945178801e-02,-5.378458407345931315e-03,-3.878538600188974426e-03,7.622904054606755020e-02
8.849419783359958880e-02,1.285047171104587715e-01,-2.325587434086211561e-02,-1.567424082332203802e-02,-1.352351480131862814e-02,6.209776702343126203e-02,-7.099910334735119732e-02,-2.143954877274090176e-02,2.931063487770934478e-02,3.219702204858054112e-02,-4.646162573068174373e-02,1.373864856541986632e-02,-2.898840595277065238e-02,-2.946348097180922013e-02,-1.527976256550872200e-02,1.527008480285341196e-01,-9.046738976980656100e-02,7.221233145113588325e-02,7.053366158239618433e-02,1.791646865872249111e-02,-1.436168512339518720e-02,1.218532593176458768e-02,6.997198881352931872e-04,-1.116017953396422624e-02,7.002276475369594022e-02
7.824974512742881305e-02,1.336942304364115430e-01,-1.393856229811794335e-02,-2.912891056985839749e-02,-2.205988086321166927e-02,5.449368368491082359e-02,-6.818654925980105475e-02,-2.974098541843786872e-02,2.950605989765731074e-02,3.678361581249051798e-02,-2.963484878388464999e-02,1.241124326614904266e-02,-2.097304947255308055e-02,-2.008224040918721309e-02,-2.239390581578381070e-02,1.447803562581762571e-01,-8.329796475565744152e-02,6.200280396837268282e-02,6.972570314433723659e-02,2.275692084724013908e-02,-3.957058582031203892e-03,4.032686269164181131e-03,1.141418645102447102e-02,-2.370794272435387123e-02,5.924790285450091953e-02
7.360749032082893051e-02,1.356302399221302191e-01,-9.951605365495899691e-03,-3.467561804673697373e-02,-2.591354158865450882e-02,5.153115065979479992e-02,-6.676586467093290067e-02,-3.337197475725074691e-02,2.959998455584056734e-02,3.855628312415817355e-02,-2.261713824017312635e-02,1.185059881476999491e-02,-1.749210721859777856e-02,-1.622317117601670272e-02,-2.521438249073006815e-02,1.414059881494846016e-01,-7.992406781915932512e-02,5.789843889505464497e-02,6.901929022676242531e-02,2.496278590592330288e-02,5.747631766637470527e-04,1.090308041259812309e-03,1.602333222861295967e-02,-2.902238004251609521e-02,5.464741591985509961e-02
6.933127326516294597e-02,1.372619205987376245e-01,-6.363200819388732492e-03,-3.958109378688717817e-02,-2.945642240660932207e-02,4.898078761123807884e-02,-6.540302350520457719e-02,-3.666694502288439517e-02,2.968538248510252386e-02,4.007345410958591120e-02,-1.637347175884073733e-02,1.135204512005220934e-02,-1.434406727078029256e-02,-1.281220527913520986e-02,-2.766245890274902919e-02,1.383750699617830315e-01,-7.676739580792986406e-02,5.430743885342496219e-02,6.824191735455184538e-02,2.700012704328039193e-02,4.683553101912530520e-03,-1.342117180935872931e-03,2.017939402665527501e-02,-3.378057470980137811e-02,5.050918449947087996e-02
6.541078781271911224e-02,1.386553050785761798e-01,-3.129427603181348348e-03,-4.393932626979115547e-02,-3.269920656471126535e-02,4.676423190640202621e-02,-6.411649571556843341e-02,-3.965337084541569607e-02,2.976165838693415472e-02,4.138442397402945089e-02,-1.079805737451438284e-02,1.090823480089131089e-02,-1.149886120248458203e-02,-9.782631579293481205e-03,-2.980417040594072683e-02,1.356481183728010520e-01,-7.383908099700792205e-02,5.114325297900786105e-02,6.744245532049152059e-02,2.887213981178337469e-02,8.406558343395568664e-03,-3.382788689806205500e-03,2.392922744571546537e-02,-3.804963580136151713e-02,4.678100368494830102e-02
5.552881803456020254e-02,1.418331933630968822e-01,4.842660569709996560e-03,-5.446535900593450774e-02,-4.085251747611227946e-02,4.157751020059916730e-02,-6.075074193861190047e-02,-4.706502230433422945e-02,2.994169279936407385e-02,4.442021870904665909e-02,2.771871511509565143e-03,9.837817458285011071e-03,-4.467445688721608833e-03,-2.466452638680310516e-03,-3.486171398524876702e-02,1.289410156888510239e-01,-6.634075700020644617e-02,4.358446761935257097e-02,6.513912861344881011e-02,3.360698769686207288e-02,1.764943642642511842e-02,-7.902619499579190132e-03,3.318478550012027989e-02,-4.850427002385820918e-02,3.759124758013166617e-02
-3.624802039662182174e-01,2.027176641198832341e-01,3.894544775736744069e-01,-3.420181126732899646e-01,-4.347057563325618101e-01,-2.933365110071061571e-02,1.939227169934657213e-01,-3.419965117234653462e-01,9.751895974165764036e-02,-7.389843506323413858e-03,5.990990475943470672e-01,1.774541042260601720e-01,2.840523288872232599e-01,4.762940976626807710e-01,-6.919894574041809965e-02,-3.549153194280744716e-01,3.354860227153318997e-01,-3.874230998037664353e-01,-1.781414279303504822e-01,4.227288099452557457e-01,4.772627259844907655e-01,4.643277134166758774e-02,4.684251398930129873e-01,-4.226944606785376646e-01,-4.301088091040154993e-01
-1.418757914618357374e-01,1.659770044323148619e-01,1.577114366321234473e-01,-2.256286118858021883e-01,-1.959358976502505734e-01,-4.442653208677985882e-02,4.198050003832295290e-02,-2.230025644758504288e-01,1.170097604222863907e-01,1.505861397425923009e-01,2.013734889491324564e-01,-5.673024836908978352e-02,1.494877794535915405e-01,1.016361109080396036e-01,-1.120670073922756388e-01,-8.962367168406938298e-03,-4.468042838486022822e-02,1.043385154924731436e-03,3.039617939577048469e-02,1.690469919345692074e-01,1.723514498195624356e-01,-6.777644659462933596e-02,2.224397596243868902e-01,-2.555542079568375868e-01,-6.216403306193776096e-02
-3.724914186493851614e-02,1.168982121063115165e-01,6.638570190731929443e-02,-8.498854828576067610e-02,-1.055985014851260478e-01,4.219276021967006962e-02,-8.260194825992211044e-04,-1.286024745182681450e-01,8.547799423197094404e-02,8.414909425053888892e-02,4.611112647733860842e-02,-2.638966659185077585e-02,5.711758960698604809e-02,7.906919456662173454e-03,-3.852991271404272722e-02,8.314725564423430804e-02,-6.412987368110764641e-02,7.281830289408675050e-02,2.860571705035655499e-02,9.677145992869104485e-02,6.618260733811612284e-02,1.284771786775564147e-02,9.880768849345827887e-02,-1.279737954686422374e-01,2.492458689587652779e-02
5.223628182340142589e-02,9.307270462543194844e-02,-1.610230726869803924e-02,4.886996106203874042e-03,-3.996570374467612458e-02,9.196628433991199669e-02,-4.007074535445685065e-02,-4.419150694939010665e-02,4.869668265150693676e-02,2.719858181527318522e-02,-6.764658350105462459e-02,2.451641281774579861e-03,-1.360580305446430077e-02,-4.901512257644672493e-02,7.231919225398569448e-03,1.501275369302116636e-01,-7.594506422683450220e-02,1.137000870799649288e-01,3.402511842532478931e-02,4.107551575078088879e-02,-6.653830802626033679e-03,6.693647667697416592e-02,9.611889012018526995e-03,-1.866699638877997863e-02,8.168370263845876889e-02
8.962206395473651388e-02,9.590185109618717951e-02,-4.188064141157665787e-02,2.639937504243936375e-02,-1.163774713806261726e-02,9.793632387235885750e-02,-5.977894560989229639e-02,-1.351485619245474876e-02,3.496214109562133243e-02,1.385698970601682151e-02,-9.606194237822920923e-02,1.305753359831396745e-02,-3.889139849002231503e-02,-6.106489816588346609e-02,1.457939029439838871e-02,1.699359508002406538e-01,-8.899781273948761950e-02,1.163217322958495087e-01,4.759398333789809088e-02,1.915654277347486265e-02,-3.132003851853468190e-02,6.648530134131304392e-02,-1.887385771100466222e-02,1.549998175989957504e-02,9.726119151086816406e-02
1.014239436791772725e-01,1.048769344972526746e-01,-4.477196181546778952e-02,2.308955066066593204e-02,-2.418616386135712549e-03,9.072399778788022007e-02,-6.856922669386444902e-02,-6.521953444236068542e-03,3.085474093190875358e-02,1.566360229606872378e-02,-9.301275456293657540e-02,1.577223479042141538e-02,-4.431404088119312440e-02,-5.742958557963257632e-02,9.464669965999953846e-03,1.716088089575708853e-01,-9.643020739911715988e-02,1.073069021473425227e-01,5.857753663769794256e-02,1.241450366250156957e-02,-3.555010968165815688e-02,5.187561014254455510e-02,-2.282702499232487636e-02,1.893688960981227201e-02,9.662512739661155425e-02
1.027056788794839803e-01,1.130152884497317295e-01,-4.096210650561599859e-02,1.364786397825994493e-02,-1.523708530326677024e-03,8.200197845711867939e-02,-7.202170282773956433e-02,-7.600436048030167861e-03,2.961777430697366126e-02,2.030750878404725263e-02,-8.204171677273999763e-02,1.597066872682349412e-02,-4.276775072492625118e-02,-5.027562780352923255e-02,2.340224926735993190e-03,1.680336670036890745e-01,-9.849617256863577031e-02,9.699612665821498447e-02,6.518314720205847790e-02,1.143979304419845584e-02,-3.261143256379457622e-02,3.801471829734456159e-02,-1.905382269776046897e-02,1.335893403504939334e-02,9.105023127840135289e-02
9.955972128877776939e-02,1.193854527690721840e-01,-3.534602032383468706e-02,3.408698416871930575e-03,-4.227099642705786815e-03,7.431205281853403566e-02,-7.281788179218716406e-02,-1.144730903846928084e-02,2.927504421808228147e-02,2.482115345358440126e-02,-6.980817997633732841e-02,1.539592404158575747e-02,-3.881468969836236738e-02,-4.289848778303061855e-02,-4.277817680525084799e-03,1.630962414901030166e-01,-9.730537831995848819e-02,8.770591351354461995e-02,6.862024344968356560e-02,1.278175507645188183e-02,-2.719376117692603664e-02,2.721076156316493827e-02,-1.295167236989419601e-02,5.453732572118447433e-03,8.417736720733690059e-02
9.464496796547838819e-02,1.242805442541276145e-01,-2.948702486948947057e-02,-6.151939100420137849e-03,-8.370813243913479210e-03,6.793350547695230224e-02,-7.230246315710812943e-02,-1.612351568046252112e-02,2.923470678101704190e-02,2.866262996060970486e-02,-5.819197607239958575e-02,1.461865454090638568e-02,-3.417942403499258514e-02,-3.613773743417544176e-02,-9.953771704456283384e-03,1.580352896366329085e-01,-9.446860563732853433e-02,7.974427902961610248e-02,7.013079450988735086e-02,1.503959855009666391e-02,-2.110636106768181558e-02,1.905604188861636031e-02,-6.389492751189446672e-03,-2.651984247945295397e-03,7.727254020264513745e-02
8.373002047138956849e-02,1.311151073687059354e-01,-1.881055581058658707e-02,-2.219044334869974683e-02,-1.749937682262720992e-02,5.833371337241689825e-02,-6.976001604975022585e-02,-2.536097053325779213e-02,2.939715953872080664e-02,3.447255137549821297e-02,-3.834791371301429080e-02,1.310372822114912530e-02,-2.519099569340762373e-02,-2.491526624645575352e-02,-1.877781237101009901e-02,1.489151011762616383e-01,-8.719062337612845659e-02,6.721636458771214351e-02,7.031784877178631765e-02,2.016201996699248239e-02,-9.435620299541916042e-03,8.039525443478511349e-03,5.799173855579780115e-03,-1.717060727020377695e-02,6.487622446705888779e-02
7.854188008766686824e-02,1.335656058806375390e-01,-1.419326361357408500e-02,-2.877078789051887298e-02,-2.181709308198912303e-02,5.468806998546776182e-02,-6.827354377765924853e-02,-2.951029983563753858e-02,2.950015656283572554e-02,3.666695890035926580e-02,-3.008637115811181942e-02,1.244727033302376121e-02,-2.119465671719423377e-02,-2.033151413844299510e-02,-2.220975275996623158e-02,1.449961898887290601e-01,-8.350815429358052211e-02,6.226959882254538836e-02,6.976453358880228828e-02,2.261832931244562098e-02,-4.245206564852993004e-03,4.230229493453866590e-03,1.112011570962772623e-02,-2.336739080620226644e-02,5.954193186189384729e-02
7.371497535772315868e-02,1.355875058274827738e-01,-1.004275211001361828e-02,-3.454999474226451428e-02,-2.582440642160344080e-02,5.159728732659897565e-02,-6.679950317434650564e-02,-3.328858455500285918e-02,2.959781729802396857e-02,3.851682420862297812e-02,-2.277657784737337210e-02,1.186334075177436845e-02,-1.757190689596006480e-02,-1.631054179353930850e-02,-2.515113882196266804e-02,1.414830469168970317e-01,-8.000285081989995384e-02,5.799085185939792386e-02,6.903738596594613530e-02,2.491164048296101372e-02,4.707438866995343018e-04,1.154611261476828953e-03,1.591785080162957250e-02,-2.890121985762717297e-02,5.475255234039946156e-02
6.927446221548673455e-02,1.372827639467523730e-01,-6.315985916653120251e-03,-3.964513591378358848e-02,-2.950344870602569433e-02,4.894789247210730443e-02,-6.538461730978659125e-02,-3.671044162647214143e-02,2.968650347686544594e-02,4.009296369215164385e-02,-1.629173391038505475e-02,1.134552695813259918e-02,-1.430257417737124115e-02,-1.276768254579479199e-02,-2.769415009624566146e-02,1.383352258553200986e-01,-7.672518263862709853e-02,5.426077325234889698e-02,6.823088671257891702e-02,2.702722638608498831e-02,4.737781117017194482e-03,-1.372895728841443423e-03,2.023411643266469911e-02,-3.384303124129399432e-02,5.045474520820199954e-02
6.149917777913270489e-02,1.399643532216797159e-01,5.325601438732651457e-05,-4.817656247144340431e-02,-3.592989437314494938e-02,4.464963833022807249e-02,-6.280319330067452022e-02,-4.260515581145359054e-02,2.983521700155857687e-02,4.262778459871893050e-02,-5.352804159067736482e-03,1.047678395904931559e-02,-8.693633791089071944e-03,-6.837523372638078245e-03,-3.185872136373332775e-02,1.329679597462636864e-01,-7.088935661099099450e-02,4.808750302015805250e-02,6.657523686949454178e-02,3.074364054575226893e-02,1.208665878549939482e-02,-5.267815107457065292e-03,2.762282555813468446e-02,-4.223484284000147276e-02,4.311218978910042604e-02
5.810905227500116899e-02,1.410428915654915460e-01,2.781894780265347158e-03,-5.177163480020423314e-02,-3.872628398343718609e-02,4.288423081153764499e-02,-6.164425565988764649e-02,-4.514378517840388766e-02,2.989659115012416671e-02,4.365992314460222234e-02,-7.143757502270609797e-04,1.011122084172527170e-02,-6.286272937772724792e-03,-4.338790005042146743e-03,-3.358191216417344416e-02,1.306728424291975499e-01,-6.831291679584797216e-02,4.550893111845222966e-02,6.577503285532813881e-02,3.236852858505030045e-02,1.525258622098574560e-02,-6.796652289787691488e-03,3.079118789424493616e-02,-4.581074667284069230e-02,3.996683393475655016e-02
5.216956166506706016e-02,1.428268374457430656e-01,7.507413278104057251e-03,-5.792303591742492541e-02,-4.361812349880082179e-02,3.991907736579571736e-02,-5.957411554308431056e-02,-4.955350021320383685e-02,2.999820304712509655e-02,4.538041984773703158e-02,7.259959519348335027e-03,9.487715569761065448e-03,-2.115390663461514872e-03,-6.291036078188180607e-05,-3.649092732330484756e-02,1.267034336457451560e-01,-6.375984536292977900e-02,4.112289071275784802e-02,6.427986354998777019e-02,3.522159072482414915e-02,2.075537560179218852e-02,-9.275626620114395954e-03,3.628055677887249975e-02,-5.197854549258303092e-02,3.451913025636649257e-02
1.573377972438382011e-02,1.000335886950954323e-01,1.593203494630155911e-02,-2.816403162608241417e-02,-6.680094667939374953e-02,7.499667626579298307e-02,-2.349163198280146414e-02,-7.783726523096574923e-02,6.346586891050506885e-02,4.835142494625156717e-02,-2.529096177770374237e-02,-9.056059597380653609e-03,1.427461364221044998e-02,-2.842491612757785252e-02,-8.859051278190713252e-03,1.247026244119894545e-01,-6.935607928738951600e-02,1.000825508437068884e-01,2.943584561778465197e-02,6.333633651935435815e-02,2.160659536485047549e-02,4.960037814682864005e-02,4.397993477669525503e-02,-6.116999518387906259e-02,6.036686150948945145e-02
1.029513476296948088e-01,1.099280588428614425e-01,-4.288107688971076054e-02,1.773342308388111549e-02,-1.267523457204645454e-03,8.546979776358674952e-02,-7.105234941351383504e-02,-6.646961112202596014e-03,2.995066673680731040e-02,1.836536857511192680e-02,-8.684392220378141236e-02,1.604040085999777418e-02,-4.384543301607145283e-02,-5.329881204636506553e-02,5.231092791941459146e-03,1.697718121702130323e-01,-9.816735857799398224e-02,1.011073196007837710e-01,6.296861458949642998e-02,1.143040620545082015e-02,-3.426830130462307084e-02,4.328376260101053641e-02,-2.104490155871324361e-02,1.611566609481017084e-02,9.358951511861698935e-02
1.010653955239457918e-01,1.171578700584730431e-01,-3.756186590110684176e-02,7.265969394377032493e-03,-2.946406058393874310e-03,7.708025769347222333e-02,-7.272323982118955588e-02,-9.818559477864134688e-03,2.935135062596806385e-02,2.317444811018823728e-02,-7.444465279740178354e-02,1.565681953838796853e-02,-4.045961781393481171e-02,-4.565463579577727637e-02,-1.865370400453831862e-03,1.650291362187735478e-01,-9.802320858062209263e-02,9.108407752765532162e-02,6.759765900306859143e-02,1.211171830287807033e-02,-2.939837445191148188e-02,3.097102233581966804e-02,-1.539058670302430841e-02,8.552766971385789355e-03,8.683862159492894417e-02
9.649298671104244995e-02,1.226890464029762456e-01,-3.154578136749421752e-02,-2.875715473377410229e-03,-6.816687205827272854e-03,7.005203427630862789e-02,-7.258252307757817601e-02,-1.443395783552217301e-02,2.923081536733794852e-02,2.738207623145392372e-02,-6.219155634304422697e-02,1.490089438773774949e-02,-3.584396870545545483e-02,-3.844572771430684183e-02,-8.051141140604737428e-03,1.598073073313039660e-01,-9.559101010007169108e-02,8.241813474478962287e-02,6.975609386881576057e-02,1.418366752533261645e-02,-2.328001038135605813e-02,2.168790716801667282e-02,-8.710024921661195518e-03,1.832579171273022545e-04,7.968437237930570127e-02
9.098071980463495745e-02,1.269463226682130685e-01,-2.568862920276314063e-02,-1.201783521750223599e-02,-1.144354438872037874e-02,6.428704931594492189e-02,-7.157770052549440598e-02,-1.933403851886027203e-02,2.927251155059772819e-02,3.087103589541297446e-02,-5.098404427766056735e-02,1.408495291444681469e-02,-3.103744704156798789e-02,-3.202145415796390365e-02,-1.326746349429101454e-02,1.547790810945506301e-01,-9.212357819252413316e-02,7.506758267282588604e-02,7.048912852560380859e-02,1.674960851880374565e-02,-1.702060509343203409e-02,1.469873205193162474e-02,-2.077851049242944274e-03,-7.850701375236416452e-03,7.284661797195086941e-02
8.532345766937007858e-02,1.302876316113354416e-01,-2.027123090988892928e-02,-2.007072143263493799e-02,-1.617085997370805092e-02,5.954013868189442921e-02,-7.019033341497754597e-02,-2.406329245342189033e-02,2.936690367093279519e-02,3.374406642537849943e-02,-4.099479089871947701e-02,1.331230685989444676e-02,-2.644520027993136832e-02,-2.639358819350551624e-02,-1.765149368105470296e-02,1.501575306572480173e-01,-8.829951859876408737e-02,6.882980721305297089e-02,7.042682362743178659e-02,1.940974384914943146e-02,-1.106286299773635677e-02,9.344442597382261392e-03,4.120611355502821344e-03,-1.520068998566243522e-02,6.656581483881160444e-02
7.987641920868353285e-02,1.329664195732438992e-01,-1.536333084654438290e-02,-2.711937925089713541e-02,-2.070754338015493370e-02,5.558960785501343427e-02,-6.866686014648326619e-02,-2.845278101428970127e-02,2.947326935533505290e-02,3.612541927362979133e-02,-3.216595814186905267e-02,1.261305824949032414e-02,-2.221129668683325883e-02,-2.148120755828231143e-02,-2.135718602167585925e-02,1.459881435304744013e-01,-8.446478251097364054e-02,6.350292721854705613e-02,6.993237051942845228e-02,2.198557167703485762e-02,-5.566615725083301144e-03,5.153717678763152822e-03,9.769865724521308373e-03,-2.180126094629787278e-02,6.089292353323387530e-02
7.478569854359135016e-02,1.351567420628591865e-01,-1.095353168716246828e-02,-3.329178081806188905e-02,-2.493624728291892259e-02,5.226207504614716753e-02,-6.713278870860429903e-02,-3.245622586759319000e-02,2.957619232575194740e-02,3.811988937263312283e-02,-2.437222053723698406e-02,1.199086636324979069e-02,-1.836878800464236336e-02,-1.718569377482084132e-02,-2.451612465379208669e-02,1.422532600842821848e-01,-8.078602810382211341e-02,5.891776754122098059e-02,6.921342183466565323e-02,2.440232956036138268e-02,-5.676489924260029463e-04,1.804451555986810079e-03,1.486409322305110893e-02,-2.768969017612024630e-02,5.580320405030803760e-02
6.580870367400777632e-02,1.385178305357433748e-01,-3.455504280191516557e-03,-4.350237080755058744e-02,-3.237029827274873900e-02,4.698449929785692564e-02,-6.424851204238098135e-02,-3.935160494511754509e-02,2.975402480765178617e-02,4.125448765625465419e-02,-1.135822028642871975e-02,1.095274140718643235e-02,-1.178602709357216144e-02,-1.008635302306609347e-02,-2.959078129298672866e-02,1.359229116867408937e-01,-7.413764340888463755e-02,5.145947888659085923e-02,6.752696698179119772e-02,2.868196332568311718e-02,8.030368808681633344e-03,-3.182996240490210214e-03,2.355095744154531157e-02,-3.761994485656219855e-02,4.715690452231347668e-02
6.189754203514469949e-02,1.398343661190372955e-01,-2.690966473126660068e-04,-4.774961722172624962e-02,-3.560108396605524139e-02,4.486100047693070830e-02,-6.293816885967652708e-02,-4.230570081740789301e-02,2.982785495755977540e-02,4.250384417754215355e-02,-5.902545532541730693e-03,1.052023631510781362e-02,-8.977917409979010999e-03,-7.134267223725383397e-03,-3.165288465847784782e-02,1.332392570625449968e-01,-7.119093544543549090e-02,4.839455549249258026e-02,6.666643235423001801e-02,3.055287878271375004e-02,1.171327630183692341e-02,-5.082061888949794548e-03,2.724861712817247539e-02,-4.181166411763705126e-02,4.348377051808628713e-02
5.833206024362130870e-02,1.409733954839611503e-01,2.603163738878869898e-03,-5.153715913073388805e-02,-3.854243114636284051e-02,4.299861082897370873e-02,-6.172103413142803613e-02,-4.497730597880390119e-02,2.989262623125720289e-02,4.359322141259142774e-02,-1.017405043435022378e-03,1.013504225169359861e-02,-6.444000728228985002e-03,-4.501763454141073477e-03,-3.347005963882362239e-02,1.308231049983019645e-01,-6.848292787146231797e-02,4.567674463195697809e-02,6.582894294331810559e-02,3.226155997302352502e-02,1.504493315969772718e-02,-6.698814976420434074e-03,3.058361654389795195e-02,-4.557685179001850356e-02,4.017286373499392299e-02
5.210547319974365849e-02,1.428454336731895813e-01,7.558067617789155680e-03,-5.798849533176345800e-02,-4.367085888763415358e-02,3.988787679065572411e-02,-5.955153016660244547e-02,-4.960084320691335313e-02,2.999925614738340254e-02,4.539843208986784479e-02,7.345065980655316080e-03,9.481097944930530486e-03,-2.070683478869955654e-03,-1.740461878906190250e-05,-3.652162869014626001e-02,1.266609184854305958e-01,-6.371046741657419854e-02,4.107637742611516818e-02,6.426314678182022677e-02,3.525241869777510917e-02,2.081448321268149215e-02,-9.301134370123476103e-03,3.633940945075741363e-02,-5.204449587141782990e-02,3.446072838458313220e-02
4.938218853862242491e-02,1.436240165594814544e-01,9.704628862757361946e-03,-6.075364123858029153e-02,-4.591081275287088592e-02,3.857628107599576223e-02,-5.858735521792850925e-02,-5.160824696498186176e-02,3.004311760227609124e-02,4.615382369113940619e-02,1.094479719937270674e-02,9.201946481514525211e-03,-1.763991022274129391e-04,1.904969722205603327e-03,-3.781384060672791231e-02,1.248598950737577623e-01,-6.160770540116314309e-02,3.911437161117665984e-02,6.354229054742856209e-02,3.656321418983112664e-02,2.332138303200989582e-02,-1.036281083430771500e-02,3.883350471517647146e-02,-5.483618171102316169e-02,3.198568703767826205e-02
-5.215690475779364427e-02,1.225543845128806569e-01,8.078599212535839125e-02,-1.023211242158959533e-01,-1.167301377829450398e-01,3.177313971522531533e-02,5.433065551290234760e-03,-1.429321554530367799e-01,9.152986759103633185e-02,9.463719124939234950e-02,6.737516007586275002e-02,-3.127422145645198520e-02,6.953811442535393073e-02,1.911512266689199824e-02,-4.775597576956262802e-02,7.079626000320828061e-02,-6.298415483516044133e-02,6.413528811098552496e-02,2.900878515083344517e-02,1.064279516303841683e-01,7.940600812930045937e-02,1.258133163228843674e-03,1.149708050663111186e-01,-1.470857476766902205e-01,1.422134253974897955e-02
8.981572836051897324e-02,9.597725930397363325e-02,-4.197264904481731035e-02,2.643548479476932889e-02,-1.148742215983734535e-02,9.789851617015714325e-02,-5.989941771985692748e-02,-1.337811814759155837e-02,3.489635708119907809e-02,1.383627412183758600e-02,-9.611854084993125269e-02,1.310620269739321345e-02,-3.900278867725814197e-02,-6.107198044391723424e-02,1.456164938765355278e-02,1.700028146228378390e-01,-8.909674890797010527e-02,1.162636286838607119e-01,4.771656097955023768e-02,1.904595156674826137e-02,-3.142187801808665748e-02,6.637245940057028004e-02,-1.898238504182861441e-02,1.561983856223015006e-02,9.730216536674651806e-02
1.017049237619961910e-01,1.054013962603918275e-01,-4.465651912538780299e-02,2.261761966846134037e-02,-2.200447408552587501e-03,9.020594991473566970e-02,-6.888467267570784480e-02,-6.441619805464897028e-03,3.073402694394666845e-02,1.591009529501088288e-02,-9.247902928142945345e-02,1.582666155152260071e-02,-4.434843667847303966e-02,-5.705174110085909495e-02,9.057073903674429244e-03,1.714828070953837158e-01,-9.668023136506369297e-02,1.066942257707106656e-01,5.907996252133015241e-02,1.224757906686710536e-02,-3.550650943108703966e-02,5.098811685471515975e-02,-2.273635156474806268e-02,1.875362803342377552e-02,9.637824922869892008e-02
1.025154299043657680e-01,1.137795794567829227e-01,-4.040506606671177836e-02,1.254742317635081442e-02,-1.693455091523410772e-03,8.111650595606292868e-02,-7.220229068104409842e-02,-7.930038187829878751e-03,2.955467249185851630e-02,2.081558575686551227e-02,-8.073915461101958957e-02,1.593066808523313158e-02,-4.241535046147026228e-02,-4.947169329693760359e-02,1.591991664612164197e-03,1.675367440228013316e-01,-9.848960874732291815e-02,9.594016434286722905e-02,6.567722839499755272e-02,1.150765473137362396e-02,-3.210396639143690140e-02,3.671176020459276240e-02,-1.846275325694970645e-02,1.256616885397745902e-02,9.034325020155656305e-02
9.886066221247695462e-02,1.202433239528291065e-01,-3.441908912729639558e-02,1.842378544508265501e-03,-4.819008762175878459e-03,7.322358464553625768e-02,-7.280056172875776221e-02,-1.215659877451953294e-02,2.925617312169698919e-02,2.547301807944173796e-02,-6.791686161703713864e-02,1.527948563502100343e-02,-3.810494522123707845e-02,-4.178490388893466023e-02,-5.235077620898173460e-03,1.622914363453149267e-01,-9.693697181154214970e-02,8.636558335635828587e-02,6.896001880400530470e-02,1.309828176947272667e-02,-2.625285019614496604e-02,2.576974695267336690e-02,-1.192303825615016570e-02,4.163384577329201815e-03,8.307492133159388725e-02
8.768869765961971596e-02,1.289769840502065501e-01,-2.248655133413725651e-02,-1.681637054165843401e-02,-1.419655094185270916e-02,6.142581875298280120e-02,-7.080036614445515963e-02,-2.211192538569320756e-02,2.932428781164024556e-02,3.260374753725109320e-02,-4.504445568775077013e-02,1.362881830438743454e-02,-2.833566449005621088e-02,-2.866542934279414645e-02,-1.590072325778147527e-02,1.520446493371778174e-01,-8.992205126585701980e-02,7.132861183469468846e-02,7.052205998316057878e-02,1.829531294386839424e-02,-1.351499401795250646e-02,1.142907876675462384e-02,1.580219388525501379e-03,-1.220368887718036727e-02,6.913101703502461115e-02
7.154677772889235510e-02,1.364326086606510446e-01,-8.213503376872913556e-03,-3.706127130827450294e-02,-2.762165126302545959e-02,5.028314180650492182e-02,-6.611488215773425603e-02,-3.496515893234156819e-02,2.964136491870503556e-02,3.929981164020509427e-02,-1.958497353069325875e-02,1.160834929459458181e-02,-1.596875447290307601e-02,-1.456416279829696354e-02,-2.641010463863107879e-02,1.399372333759260345e-01,-7.840813962195804232e-02,5.614786231657010324e-02,6.865817875495448808e-02,2.594396951401549065e-02,2.561711230351176004e-03,-1.114363566505338350e-04,1.803562553192033374e-02,-3.132993465660586369e-02,5.264278839885157962e-02
6.280174146120122425e-02,1.395366239755845283e-01,-1.002202400011836803e-03,-4.677682171860707977e-02,-3.485458444136199652e-02,4.534398860535746728e-02,-6.324353564168655462e-02,-4.162505866663111787e-02,2.981103264373144088e-02,4.222033811638539053e-02,-7.154238646932954519e-03,1.061926505103730559e-02,-9.624327274657897349e-03,-7.810401211995460918e-03,-3.118291296374875107e-02,1.338563808709672398e-01,-7.187449320064155656e-02,4.909486288706088608e-02,6.687108527093110766e-02,3.012002933880696814e-02,1.086464331965794963e-02,-4.655388250598736094e-03,2.639766309813358636e-02,-4.084866595819067886e-02,4.432883658658784420e-02
5.900829325135562020e-02,1.407614507257355652e-01,2.060559179097031478e-03,-5.082447090776627541e-02,-3.798484598777725901e-02,4.334690987081685210e-02,-6.195339883172525097e-02,-4.447205464893021903e-02,2.988053979619061107e-02,4.338996042105575102e-02,-1.938032938124076808e-03,1.020746743457857757e-02,-6.922813751885464363e-03,-4.997117699002272435e-03,-3.312963118493259668e-02,1.312793436206608211e-01,-6.899801310375727748e-02,4.618711745505341137e-02,6.599135308642313513e-02,3.193726537702698542e-02,1.441475678081606017e-02,-6.399859878897486837e-03,2.995348591039063632e-02,-4.486649387846411430e-02,4.079833993609422588e-02
4.689811651549120192e-02,1.443155428784156924e-01,1.165329151163843613e-02,-6.324946531505976077e-02,-4.795251153254507376e-02,3.740276703739154468e-02,-5.770065320984815033e-02,-5.343230659079819395e-02,3.008158583661020916e-02,4.682663953834764747e-02,1.420159698837271736e-02,8.950690971573103949e-03,1.542611086001396264e-03,3.640324040542023201e-03,-3.897254241970817684e-02,1.232259360759901667e-01,-5.968218309116109233e-02,3.734794070730587667e-02,6.286772176993760120e-02,3.776028723159133987e-02,2.560051737537005767e-02,-1.129541426520582099e-02,4.109778216915812438e-02,-5.736542430293248285e-02,2.973850527331883126e-02
-2.141371142425891327e-01,2.216232389701016103e-01,1.706273168273314267e-01,-3.684183540376308463e-01,-3.232548421201095201e-01,-1.215496956974547044e-01,7.006629390835407423e-02,-2.441781505356844517e-01,6.388238849726544932e-02,1.044747624327346802e-01,3.320648130460469027e-01,-1.356592442216489683e-02,2.220942647928891289e-01,2.495988671156832428e-01,-1.629499387465598859e-01,-1.017446226126137859e-01,9.326404916418541691e-02,-1.170432328823932666e-01,-1.964891802744172036e-02,2.463448727576409425e-01,3.108961638197235144e-01,-5.145156427481354516e-02,3.440648499205519739e-01,-2.947542734161971989e-01,-1.960248546301052441e-01
6.953108498967176809e-02,9.234655837051441996e-02,-2.945735855802723499e-02,1.735160319523390907e-02,-2.701358925549745063e-02,9.703807650576509736e-02,-4.859504921027375801e-02,-2.922661968883456460e-02,4.209660226423661555e-02,1.935035779621637267e-02,-8.383704780934846112e-02,7.591059303211882513e-03,-2.596417457712088886e-02,-5.643385632466420970e-02,1.249638490423951934e-02,1.605205739099591633e-01,-8.080466364971299054e-02,1.172679198392755084e-01,3.851446147280291471e-02,3.080081275662693852e-02,-1.892357411302482417e-02,7.045361021954613112e-02,-4.901267467195067305e-03,-9.223484088525913489e-04,9.018533215673718573e-02
1.028707375857710465e-01,1.090947955041702971e-01,-4.330502825820129603e-02,1.873498892650943617e-02,-1.318570062517339424e-03,8.637447351880558899e-02,-7.072287611037728072e-02,-6.497315454955502993e-03,3.006510509576986942e-02,1.787473947677503672e-02,-8.801128060464608049e-02,1.603175359174074249e-02,-4.403839635281315418e-02,-5.405222216860887385e-02,5.973945938004722109e-03,1.701648481880772001e-01,-9.798290733123617147e-02,1.021751936557422080e-01,6.231090409072344294e-02,1.150307693295021805e-02,-3.460587223935162465e-02,4.470563909344239112e-02,-2.147045278085965223e-02,1.673283811440972810e-02,9.418781025622514902e-02
1.012599963452996132e-01,1.168114126474739389e-01,-3.788200813554022661e-02,7.838968236345389418e-03,-2.779977574334284440e-03,7.750322861623856752e-02,-7.269063565246952630e-02,-9.592669020208463224e-03,2.936704682706037586e-02,2.292456741095368414e-02,-7.513071389766420860e-02,1.569184708270308579e-02,-4.068999039132777801e-02,-4.606602595266780231e-02,-1.499628300713913868e-03,1.653096725932204081e-01,-9.810481178836287508e-02,9.159660952196554962e-02,6.742087249526736159e-02,1.202699727123323140e-02,-2.971086233124439757e-02,3.155793447231098475e-02,-1.574019870017376657e-02,9.002377740548723681e-03,8.722704214652632349e-02
9.651580316682059624e-02,1.226679748990539554e-01,-3.157202387481385097e-02,-2.833442135598625029e-03,-6.797475683608685156e-03,7.007979325104754520e-02,-7.258548880915527413e-02,-1.441269949919466407e-02,2.923086620805025529e-02,2.736531921776740733e-02,-6.224303713437944613e-02,1.490444439625973963e-02,-3.586497282890375310e-02,-3.847555913135634886e-02,-8.026323992783543013e-03,1.598299331276817892e-01,-9.560453601162934023e-02,8.245296786103480102e-02,6.975035819235206325e-02,1.417313816565065297e-02,-2.330750202720022202e-02,2.172289044459429358e-02,-8.739514941439733772e-03,2.194834756640114061e-04,7.971519456822941108e-02
9.069360793280381583e-02,1.271349194848866992e-01,-2.540273414558547049e-02,-1.245125875560990601e-02,-1.168390521944638778e-02,6.402437921364559359e-02,-7.151389150434331321e-02,-1.957971265852763779e-02,2.927653539618964296e-02,3.103016828269731034e-02,-5.044913059297525398e-02,1.404437054538803034e-02,-3.079794245681834880e-02,-3.171796517546700278e-02,-1.350801136254877778e-02,1.545345817040107150e-01,-9.193464817022933833e-02,7.472692665916055854e-02,7.050116441084150476e-02,1.688411963106735067e-02,-1.670968137966816203e-02,1.439314959753857336e-02,-1.752009916414786189e-03,-8.240411572562701681e-03,7.251440540048044447e-02
8.470644730440196613e-02,1.306129042694758879e-01,-1.970285424242715008e-02,-2.089789794515358942e-02,-1.668543106741566390e-02,5.906737862656170901e-02,-7.002540210997289238e-02,-2.456727213636266186e-02,2.937850074835603176e-02,3.402964997107786604e-02,-3.996275256170290363e-02,1.323111774984429487e-02,-2.595783579463972063e-02,-2.581658172334591259e-02,-1.809229244836611447e-02,1.496739111422867030e-01,-8.787153533698108254e-02,6.819893119623497701e-02,7.038856130298123959e-02,1.970090690257914057e-02,-1.043060350935333738e-02,8.830426504343716690e-03,4.773461584252287719e-03,-1.596779189549413572e-02,6.590821407399784226e-02
7.895415064063063260e-02,1.333825654418111517e-01,-1.455356262723577106e-02,-2.826336940362574046e-02,-2.147440450750048857e-02,5.496417060019682943e-02,-6.839577603087027002e-02,-2.918426329572146316e-02,2.949183474365111440e-02,3.650119594834796977e-02,-3.072579422686970430e-02,1.249827271138985625e-02,-2.150795994190746879e-02,-2.068473433410188134e-02,-2.194838494659600084e-02,1.453015647572501456e-01,-8.380431173176559889e-02,6.264801607623862734e-02,6.981807900806037692e-02,2.242279193701864418e-02,-4.652516698928579712e-03,4.511773152491242028e-03,1.070421275381426042e-02,-2.288542660393601963e-02,5.995789668480109441e-02
6.420636864896109297e-02,1.390663794816640320e-01,-2.145164119714286846e-03,-4.525501166446616735e-02,-3.369445438933622861e-02,4.610354016023844592e-02,-6.371506259594694743e-02,-4.056502843102036127e-02,2.978460057398917352e-02,4.177370006191648277e-02,-9.109835707012167716e-03,1.077423069337518462e-02,-1.063174900506612397e-02,-8.868138012675073900e-03,-3.044494860683082463e-02,1.348188863746889454e-01,-7.293364202461172230e-02,5.019237624262641584e-02,6.718233328424660922e-02,2.944800312352990543e-02,9.543079026821993729e-03,-3.978149060230629780e-03,2.507122095321804786e-02,-3.934562804459247609e-02,4.564637268729136721e-02
6.013975403015962146e-02,1.404026510831696828e-01,1.150488647382737987e-03,-4.962621696751214062e-02,-3.705162100662346553e-02,4.393471795913386074e-02,-6.234062782851770845e-02,-4.362519134311373947e-02,2.986010657741604984e-02,4.304642925940906084e-02,-3.484435269239452918e-03,1.032929979274746848e-02,-7.725776996285540349e-03,-5.829956519862240782e-03,-3.255570911244317495e-02,1.320447670361985792e-01,-6.985832099326388933e-02,4.704626916128366865e-02,6.625943450117190159e-02,3.139489533809738248e-02,1.335861203642433465e-02,-5.891790292387871775e-03,2.889672141699378000e-02,-4.367409753222657037e-02,4.184739537157659839e-02
5.644654680316842782e-02,1.415549400900476540e-01,4.111169039618035870e-03,-5.351122396730158964e-02,-4.009646845223045070e-02,4.203884166619136636e-02,-6.106961250445395312e-02,-4.638270700813112990e-02,2.992581618526220580e-02,4.415216713849396540e-02,1.535981959285486831e-03,9.934599981327431328e-03,-5.113094878574736719e-03,-3.129659388532928400e-03,-3.440948097305646103e-02,1.295556015864021693e-01,-6.704326623166197152e-02,4.426541846521043350e-02,6.536781560936137658e-02,3.316632516954196030e-02,1.679811045536898709e-02,-7.514621067246584143e-03,3.233509246929282960e-02,-4.754885905944178370e-02,3.843450439768744675e-02
5.003012542209880203e-02,1.434407810825016616e-01,9.194920124389955457e-03,-6.009858292948726949e-02,-4.537803112480574136e-02,3.888588494249670818e-02,-5.881753017164825792e-02,-5.113138624595528481e-02,3.003284033687148372e-02,4.597583250545676098e-02,1.009121097749771274e-02,9.268005646979549095e-03,-6.261496697677714071e-04,1.449541250058481020e-03,-3.750853544874915152e-02,1.252874453986001779e-01,-6.210879957075299967e-02,3.957868102973834123e-02,6.371562427375239424e-02,3.625119579719662810e-02,2.272574606268741582e-02,-1.011405768464236112e-02,3.824125555636617713e-02,-5.417382346917451463e-02,3.257342570140196736e-02
4.468109649410579448e-02,1.449188673497523450e-01,1.338562205536115469e-02,-6.545724829493422547e-02,-4.977356616490200697e-02,3.637246090299930956e-02,-5.690386285691633600e-02,-5.505498540496610999e-02,3.011464896490236021e-02,4.741489779680288508e-02,1.708846564115347119e-02,8.729043663281008808e-03,3.070068069974450295e-03,5.175600162300871346e-03,-3.999168048043100221e-02,1.217741473698547433e-01,-5.795797360474588128e-02,3.578865630509596441e-02,6.225287490631963017e-02,3.882980580666416798e-02,2.762907227386161152e-02,-1.210102524050580587e-02,4.311070905943609199e-02,-5.960996873757963554e-02,2.774049211991596459e-02
-1.945817224811600687e-01,2.114047024416222387e-01,1.622024666583467001e-01,-3.425948144374794113e-01,-2.909804437636255292e-01,-1.118706441892521469e-01,5.948132212461104684e-02,-2.400950545199301289e-01,7.910205766961228568e-02,1.270346899535705343e-01,2.938020216932532014e-01,-3.628198968133891644e-02,2.067420048366799823e-01,2.060083399559063944e-01,-1.591335593102160828e-01,-7.120986233354308081e-02,4.593784656698673280e-02,-7.773224836397650550e-02,1.664344066035512888e-03,2.221400302619119804e-01,2.733561260775483892e-01,-6.650949524563018467e-02,3.144323842398755176e-01,-2.868344385906165805e-01,-1.547578905099948332e-01
1.001278316289619663e-01,1.029708001212612384e-01,-4.500590002790288979e-02,2.461615765962072225e-02,-3.430758750009666683e-03,9.254344077145221226e-02,-6.729169363952311467e-02,-7.028435573487753357e-03,3.136247831073320919e-02,1.485230992958333669e-02,-9.471316308238900139e-02,1.550995769012548930e-02,-4.400076700268070601e-02,-5.868965150340139936e-02,1.087344525359230235e-02,1.719192863907011981e-01,-9.537906648007229982e-02,1.094691287527123497e-01,5.665175090395546675e-02,1.316967267635314742e-02,-3.550999013920403541e-02,5.508516734504324830e-02,-2.294282111305475172e-02,1.935127609106850402e-02,9.737451390772403070e-02
1.028595107681057191e-01,1.121501688766348287e-01,-4.155384890595239383e-02,1.485121499419664835e-02,-1.382190433740408328e-03,8.299159480037722469e-02,-7.178914271926163659e-02,-7.271526458907733373e-03,2.969786638389481509e-02,1.974485981156196696e-02,-8.346202090430941689e-02,1.600546429977972585e-02,-4.312610444886258443e-02,-5.115916175880912131e-02,3.171790344538846090e-03,1.685645714370377635e-01,-9.846100078730814220e-02,9.817295258405100977e-02,6.459785691794404927e-02,1.139397582591954346e-02,-3.313945426947819545e-02,3.949064890100533604e-02,-1.967630382229251448e-02,1.420418999396728943e-02,9.181288516804768374e-02
9.418923081653778062e-02,1.246429680453523120e-01,-2.899673253194857622e-02,-6.921289591291636921e-03,-8.753558594189084913e-03,6.744498698449269414e-02,-7.222300236864497014e-02,-1.653168986561773940e-02,2.923763991689190198e-02,2.895828615831244277e-02,-5.724999980256727933e-02,1.455053130998712994e-02,-3.377857410930115017e-02,-3.559679286003351872e-02,-1.039489124867572570e-02,1.576140913165486324e-01,-9.418464441757905259e-02,7.912329418783330126e-02,7.019968174806714978e-02,1.525147706192063989e-02,-2.058411768703408140e-02,1.845971139361238939e-02,-5.834983194547412218e-03,-3.325312000580799704e-03,7.669973451721358304e-02
8.199786932394501071e-02,1.319713416336828482e-01,-1.724739256546264574e-02,-2.443776252274487346e-02,-1.894221598781464441e-02,5.707231268658730788e-02,-6.927710576016514465e-02,-2.675823798450964811e-02,2.943098488769745752e-02,3.523311785206895835e-02,-3.553396864808728434e-02,1.288088085229448926e-02,-2.384297109557730401e-02,-2.334899231537320222e-02,-1.996051682451913112e-02,1.475869903096531655e-01,-8.597256488470347846e-02,6.551693823341481204e-02,7.016424410399001166e-02,2.098098976409594474e-02,-7.685911303734929700e-03,6.698885830077497099e-03,7.598224765966617167e-03,-1.927353390393943960e-02,6.306933780406430434e-02
7.625951052399472518e-02,1.345479984029230580e-01,-1.221599233494295549e-02,-3.153868722303192207e-02,-2.371303180271905689e-02,5.319571575521740703e-02,-6.758591131172708710e-02,-3.130536067932281064e-02,2.954635540522524556e-02,3.756152154471049248e-02,-2.659158852079229751e-02,1.216822198257186752e-02,-1.947170595253825548e-02,-1.840528872017853021e-02,-2.362645770330789805e-02,1.433215160245045194e-01,-8.185900073521526488e-02,6.021342304925127176e-02,6.944256396748209326e-02,2.370182765800358041e-02,-2.003825291106806506e-03,2.727857318314189008e-03,1.340428242749411823e-02,-2.600777942926826153e-02,5.725981659019939440e-02
7.096579083847667779e-02,1.366532779681428056e-01,-7.726532256994017578e-03,-3.772638465336290020e-02,-2.810295791903603957e-02,4.993783572592718628e-02,-6.592935697534518802e-02,-3.541249607202757305e-02,2.965296130336300684e-02,3.950516647042249391e-02,-1.873816212708590348e-02,1.154073237853397646e-02,-1.554143767657099710e-02,-1.410169816232106563e-02,-2.674170605345028290e-02,1.395259589055126426e-01,-7.797893294380364715e-02,5.566124633429925944e-02,6.855171211001202802e-02,2.622080776949365505e-02,3.119509035188877330e-03,-4.400522586790680418e-04,1.859968527345595007e-02,-3.197548432912632188e-02,5.208121880274196175e-02
6.613706673464124497e-02,1.384037455234523595e-01,-3.724930561500590809e-03,-4.314091635312243544e-02,-3.209884351386865092e-02,4.716702951384546538e-02,-6.435721903433179458e-02,-3.910236605513804642e-02,2.974770596381526647e-02,4.114675435580255475e-02,-1.182139759680791297e-02,1.098955768057266642e-02,-1.202326226196240820e-02,-1.033759782358855024e-02,-2.941404267872341216e-02,1.361499936020351964e-01,-7.438379873848989521e-02,5.172122924549012180e-02,6.759615869312944614e-02,2.852505740403172771e-02,7.719662481847559647e-03,-3.016935988809320117e-03,2.323842975817073248e-02,-3.726477598921275336e-02,4.746750276420837883e-02
6.175419769847010493e-02,1.398812222919280923e-01,-1.530598665915090687e-04,-4.790335993877652826e-02,-3.571940588683018142e-02,4.478484627714177102e-02,-6.288963086511147049e-02,-4.241348337637425303e-02,2.983050757590297378e-02,4.254850903350244212e-02,-5.704611485900921118e-03,1.050458839645863549e-02,-8.875587728913040056e-03,-7.027409898397584710e-03,-3.172703613536499018e-02,1.331415946062738664e-01,-7.108244709438137077e-02,4.828396511277962405e-02,6.663368898278564101e-02,3.062151676571496159e-02,1.184766613726250493e-02,-5.149056659929315133e-03,2.738331783672481520e-02,-4.196401326237472057e-02,4.335001309870253894e-02
5.778185578816202178e-02,1.411445033173856500e-01,3.043943973471669937e-03,-5.211516617051734773e-02,-3.899600772363973067e-02,4.271683910095739473e-02,-6.153147443056296989e-02,-4.538791665593132352e-02,2.990238950240046989e-02,4.375749571243000430e-02,-2.702804595340796466e-04,1.007632615716982406e-02,-6.055010566085679627e-03,-4.100015802575446462e-03,-3.374565547606243887e-02,1.304525504674993452e-01,-6.806334730978039205e-02,4.526315506894319773e-02,6.569562590452186768e-02,3.252549297118240146e-02,1.555710718260417368e-02,-6.939533678019986843e-03,3.109553002447023456e-02,-4.615359214740463040e-02,3.966475892340637355e-02
5.417981692066414084e-02,1.422367864158368411e-01,5.915106642706308149e-03,-5.586029229175161481e-02,-4.196346406839767534e-02,4.090596358165364543e-02,-6.027997248592613377e-02,-4.806601156427167676e-02,2.996469229844291732e-02,4.480968229899717770e-02,4.580750240450381580e-03,9.696451347445667751e-03,-3.520827841847888520e-03,-1.496822131135777233e-03,-3.552078305136290720e-02,1.280402466728472188e-01,-6.530606871752675513e-02,4.259026588444306261e-02,6.479815330197319367e-02,3.425507445377584670e-02,1.889859006557379970e-02,-8.462673481153254809e-03,3.443062683807336655e-02,-4.990366949951764719e-02,3.635490000858782739e-02
5.090829661432210579e-02,1.431904610213952933e-01,8.503102251539386772e-03,-5.920796707297229511e-02,-4.465577667822084179e-02,3.930791898022740344e-02,-5.912873226248498842e-02,-5.048434107141151067e-02,3.001875259609574492e-02,4.573288501299958841e-02,8.931486736127829465e-03,9.357891831232229007e-03,-1.236646217253774532e-03,8.303635105607699634e-04,-3.709263378573982028e-02,1.258678591213557019e-01,-6.278716498549612168e-02,4.021043356675322450e-02,6.394875280200873480e-02,3.582845354628077378e-02,2.191765712537161598e-02,-9.773129860874375449e-03,3.743742247048829214e-02,-5.327428470469472432e-02,3.337112005454463681e-02
4.521252492353865921e-02,1.447753865113302618e-01,1.297093265291143944e-02,-6.492965907564780814e-02,-4.933714829614495312e-02,3.661802576012963828e-02,-5.709530392967637064e-02,-5.466646057225230809e-02,3.010683394979803487e-02,4.727490304056525955e-02,1.639809682512325187e-02,8.781955794253878955e-03,2.704492601098599028e-03,4.808700423800978639e-03,-3.974862798866421465e-02,1.221216155066488923e-01,-5.837174826751312384e-02,3.616100656480066011e-02,6.240131488216285605e-02,3.857334032734217183e-02,2.714327370091808300e-02,-1.191011974187926141e-02,4.262885152677726303e-02,-5.907299321631928612e-02,2.821880943066155251e-02
-7.580864857796260070e-02,1.322283136286478700e-01,1.033708194835164795e-01,-1.310351883742864043e-01,-1.348915255996166185e-01,1.425739637403696143e-02,1.531050342565129507e-02,-1.654584332668582736e-01,1.007194850803052877e-01,1.112262577767537813e-01,1.017818239752765475e-01,-3.891748547819910004e-02,8.957954405750701010e-02,3.781143722886079472e-02,-6.307927282936717783e-02,5.071259059916904260e-02,-6.097973540651798613e-02,4.957824355849236447e-02,2.990573996930224673e-02,1.220295239656959824e-01,1.011418596527506181e-01,-1.764866029362811839e-02,1.412652170413398189e-01,-1.772531346642654548e-01,-3.474625993486594056e-03
4.418770288258182938e-02,9.410095459734142687e-02,-9.391486654580966792e-03,-1.766257511204741108e-03,-4.592822243344264060e-02,8.881490412557353775e-02,-3.629008275264091615e-02,-5.142426284057242253e-02,5.187604362946254127e-02,3.143778336225117737e-02,-5.907165054781784996e-02,-2.554736981472828693e-05,-7.627666892741813594e-03,-4.493816499886369581e-02,4.149953488276085858e-03,1.448543969209080962e-01,-7.414147275002466730e-02,1.112616489336566844e-01,3.255684962322951542e-02,4.592280090108938340e-02,-6.501240311795859024e-04,6.403245562052621576e-02,1.683532962412726333e-02,-2.758067712742126587e-02,7.729964363894155366e-02
1.019863106351960313e-01,1.059949160204232688e-01,-4.450141308740761942e-02,2.205840384564164772e-02,-1.982879964601288927e-03,8.961134370514106662e-02,-6.922431102729174890e-02,-6.378963506635401681e-03,3.060607581731356053e-02,1.619981372560865690e-02,-9.184313746611497131e-02,1.587995604107137262e-02,-4.436240054231557761e-02,-5.660898723908194818e-02,8.586183761812677881e-03,1.713207144870479426e-01,-9.694336482070710359e-02,1.059919737603044615e-01,5.963498571582385305e-02,1.207825054232510888e-02,-3.543059054139950648e-02,4.998196980987957422e-02,-2.260539921615718068e-02,1.851305834370154529e-02,9.607884784431280911e-02
9.194987351515976348e-02,1.262905935219569287e-01,-2.666471862127202386e-02,-1.053005716583536693e-02,-1.063180013832887988e-02,6.519547155181337761e-02,-7.178646861046407424e-02,-1.849916232374164068e-02,2.925984874869301880e-02,3.032067495289321110e-02,-5.281778701026471068e-02,1.422317755433163446e-02,-3.185225960346436958e-02,-3.306383870784369156e-02,-1.243744125446555847e-02,1.556144167199341732e-01,-9.275632679047926543e-02,7.624174319926944887e-02,7.043332828806142532e-02,1.629605424164549260e-02,-1.807879388876012725e-02,1.576409185759522491e-02,-3.189049036016679880e-03,-6.518548515962893815e-03,7.398167733177021810e-02
8.565023604896024323e-02,1.301127399901731152e-01,-2.057375172732515967e-02,-1.962919760092778770e-02,-1.589826013371520991e-02,5.979354337658138868e-02,-7.027676903262281005e-02,-2.379557434889279302e-02,2.936083111132026593e-02,3.359093474572640015e-02,-4.154521688946565677e-02,1.335552915918112281e-02,-2.670423513478043659e-02,-2.670164648036048305e-02,-1.741552534722034737e-02,1.504150280491117764e-01,-8.852543402176291099e-02,6.916723406221586545e-02,7.044496785998481669e-02,1.925561040790945214e-02,-1.139888486679233905e-02,9.621378020170982814e-03,3.773298316799789977e-03,-1.479209705299030717e-02,6.691590877608483146e-02
7.383947293893323993e-02,1.355378939087329426e-01,-1.014838861553672873e-02,-3.440433477417986774e-02,-2.572115786205568869e-02,5.167402619149249338e-02,-6.683842520727548142e-02,-3.319195810554614184e-02,2.959530610580814181e-02,3.847103278509667740e-02,-2.296141906123808085e-02,1.187811295876028961e-02,-1.766438108825605507e-02,-1.641184933689416453e-02,-2.507777230826263234e-02,1.415723605280706232e-01,-8.009406672873302380e-02,5.809803430820590503e-02,6.905825066804502366e-02,2.485240392657100256e-02,3.502112687896782981e-04,1.229301162779947209e-03,1.579560660439477057e-02,-2.876077953840435603e-02,5.487440426008508704e-02
6.861803362253228455e-02,1.375221398431020481e-01,-5.771234715942225729e-03,-4.038313266504085786e-02,-3.004674084821192317e-02,4.856953635085620169e-02,-6.517141273960871950e-02,-3.721253536481451685e-02,2.969942524617936314e-02,4.031724697175525368e-02,-1.534940540531798750e-02,1.127040318221920502e-02,-1.382372395880313888e-02,-1.225463157186986764e-02,-2.805886410831898159e-02,1.378755806611023094e-01,-7.623693694502563234e-02,5.372339486090351585e-02,6.810219479028135903e-02,2.734040827340521868e-02,5.363738210337122558e-03,-1.725829647859041492e-03,2.086555035343291495e-02,-3.456336142123288963e-02,4.982665585366847366e-02
6.387610018776106180e-02,1.391778154034768455e-01,-1.875956280451605536e-03,-4.561402604974380826e-02,-3.396728781529311653e-02,4.592390805499288464e-02,-6.360451219090602903e-02,-4.081457334189279168e-02,2.979084751139854034e-02,4.187941533957696694e-02,-8.648763231187095793e-03,1.073766820563016450e-02,-1.039451076805761147e-02,-8.618602225743444284e-03,-3.061935048940591861e-02,1.345921414166627861e-01,-7.268491001972839094e-02,4.993323697268577110e-02,6.710989822096917468e-02,2.960597371464770630e-02,9.854183837239837221e-03,-4.139007611699471560e-03,2.538361545923402060e-02,-3.969983028649152340e-02,4.533604339146781598e-02
5.958409959741651357e-02,1.405795198070881602e-01,1.597768985351616985e-03,-5.021559391254583338e-02,-3.750996758435470174e-02,4.364524774333109619e-02,-6.215070925605765267e-02,-4.404131713686208066e-02,2.987017382210709060e-02,4.321568103063216926e-02,-2.724047246497676711e-03,1.026936563283446617e-02,-7.331157368753077157e-03,-5.420314810382150135e-03,-3.283824555903862297e-02,1.316685448038792672e-01,-6.943606960340056866e-02,4.662351675647806448e-02,6.612836211039982426e-02,3.166121372766898118e-02,1.387755689792804364e-02,-6.142549664408560040e-03,2.941608120154820538e-02,-4.426028712409094124e-02,4.133180805386101747e-02
5.570131216251597572e-02,1.417811256553012933e-01,4.705291269187956982e-03,-5.428634637709526395e-02,-4.071042908903699242e-02,4.166393943464487271e-02,-6.081076374137004553e-02,-4.693686002762536419e-02,2.993872276575488753e-02,4.437003085187578993e-02,2.539910644442121886e-03,9.855970324107050581e-03,-4.588696195567921847e-03,-2.590883169692754628e-03,-3.477695627872161299e-02,1.290564189106007675e-01,-6.647288616047100640e-02,4.371216843067765589e-02,6.518231806201139900e-02,3.352414740893499417e-02,1.748951925945228109e-02,-7.830131900202957906e-03,3.302521426198021942e-02,-4.832490693566666995e-02,3.774960726992451776e-02
4.899368617045789936e-02,1.437333037011593595e-01,1.000995906953076366e-02,-6.114559127652960391e-02,-4.623022149902601685e-02,3.839135442076025556e-02,-5.844911790022174619e-02,-5.189395398152502753e-02,3.004923187690377098e-02,4.626004232316694581e-02,1.145577512730291264e-02,9.162442510367458173e-03,9.299460755090236655e-05,2.177479284888404060e-03,-3.799627899480426119e-02,1.246038119899149088e-01,-6.130701748567640025e-02,3.883669485561180162e-02,6.343782990471820427e-02,3.675034425024232415e-02,2.367829124450563857e-02,-1.051084875315621073e-02,3.918828275366917357e-02,-5.523279532352223103e-02,3.163360459084216258e-02
4.609047320013758692e-02,1.445367895313053874e-01,1.228508198216842796e-02,-6.405582678762046511e-02,-4.861603054432617199e-02,3.702563497569180684e-02,-5.741096164811475971e-02,-5.402399639116364782e-02,3.009377038518679798e-02,4.704223454094376422e-02,1.525534582528783809e-02,8.869668601624285803e-03,2.099770703010950170e-03,4.201039193832229075e-03,-3.934539377288634454e-02,1.226963781769430523e-01,-5.905467395146043325e-02,3.677808865452723147e-02,6.264509379175053905e-02,3.814978048285628393e-02,2.634008737797070843e-02,-1.159171554258330537e-02,4.183190895501594231e-02,-5.818444215630620003e-02,2.900985418107825467e-02
4.344190427952210332e-02,1.452507497416746785e-01,1.435129471202820778e-02,-6.668364171334188739e-02,-5.079098151363539704e-02,3.580316987093942055e-02,-5.645639659424102341e-02,-5.595991239648495652e-02,3.013259953901573085e-02,4.773892984509161413e-02,1.869444414590912262e-02,8.606184640985324943e-03,3.921180014551108386e-03,6.028513232753253404e-03,-4.055549414070198228e-02,1.209651640413830914e-01,-5.699199199243572961e-02,3.492374886616530366e-02,6.190422529425076287e-02,3.942807470701573808e-02,2.876079739501892149e-02,-1.254096679808291287e-02,4.423278335495261365e-02,-6.085961510422643189e-02,2.662657843491554599e-02
-1.690654629353655347e-01,1.877251377812268751e-01,1.653554910084449603e-01,-2.828516906934103181e-01,-2.377464026146266507e-01,-7.912151537704546767e-02,5.098327550869045932e-02,-2.373230562422611878e-01,1.068383668250594692e-01,1.511322641744358708e-01,2.459319494031402820e-01,-5.551054038078401948e-02,1.788057957171190759e-01,1.453522369720105234e-01,-1.380122204245899931e-01,-3.725487814726965996e-02,-1.470671051399220775e-02,-3.059288590269405861e-02,2.305898477020104989e-02,1.930126889053612183e-01,2.169587203575305268e-01,-7.755790690764066686e-02,2.662845696468369439e-01,-2.777911669316134313e-01,-1.005769036147470818e-01
6.038790206601488131e-02,9.243857033668090306e-02,-2.260676043265310090e-02,1.112176883949603581e-02,-3.388770861186903016e-02,9.469009006337926471e-02,-4.400797641923065440e-02,-3.702397576999055112e-02,4.554144110225825243e-02,2.325191382830652659e-02,-7.571684049047101850e-02,4.910058546634412345e-03,-1.952630984689865748e-02,-5.277556472587356662e-02,9.980357986063241940e-03,1.552085245452444751e-01,-7.804648728307797545e-02,1.157123985973972785e-01,3.587946346204082260e-02,3.620703914097148091e-02,-1.256007693127754281e-02,6.913071939809842248e-02,2.574638232049765007e-03,-1.002414964233552287e-02,8.587207425567040808e-02
9.491257616524634289e-02,9.849198698699163090e-02,-4.405348112551221024e-02,2.672211206718871912e-02,-7.516201949881486100e-03,9.630707329300125519e-02,-6.324059143493783453e-02,-9.953711299659209408e-03,3.317480267114349124e-02,1.368178205902786937e-02,-9.682113080001090999e-02,1.434676571053956906e-02,-4.176646037081879759e-02,-6.076975344722392036e-02,1.360637398337834203e-02,1.714651674105068524e-01,-9.190689939207906389e-02,1.140850468748638435e-01,5.137923137295024451e-02,1.614384296313978520e-02,-3.386829823519701965e-02,6.245487852947022300e-02,-2.151077860288322721e-02,1.829369860749485710e-02,9.801380061080530726e-02
1.012249877731330738e-01,1.168751512268803167e-01,-3.782360233079031658e-02,7.734092701280627889e-03,-2.809940059992492231e-03,7.742556725644970939e-02,-7.269699263923164179e-02,-9.633674295709286975e-03,2.936407723595951813e-02,2.297040822429732149e-02,-7.500519873860063413e-02,1.568551793207603046e-02,-4.064812029776043029e-02,-4.599068682629676996e-02,-1.566723583994670448e-03,1.652584644475137143e-01,-9.809039293125847159e-02,9.150257267818477647e-02,6.745374859787083011e-02,1.204219208695897145e-02,-2.965398024277928618e-02,3.144992165754940949e-02,-1.567647547628894106e-02,8.920313781863500185e-03,8.715608982418487916e-02
9.610531777228983885e-02,1.230412180183136917e-01,-3.110329105149677031e-02,-3.586477652212969203e-03,-7.143010296995800333e-03,6.958697283184463178e-02,-7.253010914768352746e-02,-1.479352294010955263e-02,2.923037195413795419e-02,2.766291239311182912e-02,-6.132549965478808346e-02,1.484083432080646019e-02,-3.548894746291787750e-02,-3.794436467451684641e-02,-8.467354187198914209e-03,1.594259532958538228e-01,-9.535984842538829109e-02,8.183378839229779600e-02,6.984899273426224686e-02,1.436272857161008214e-02,-2.281560433634107973e-02,2.110373928151041897e-02,-8.212419598924828451e-03,-4.272315964137122298e-04,7.916498847402057837e-02
8.982997143382050187e-02,1.276879126811096277e-01,-2.455101649351548038e-02,-1.373645244332946658e-02,-1.240660300866483490e-02,6.325058602056243817e-02,-7.131699432958131524e-02,-2.031449027131012122e-02,2.928928739516279203e-02,3.149890716030871729e-02,-4.886114625663945388e-02,1.392326172267247669e-02,-3.008229912340857834e-02,-3.081850314523956400e-02,-1.421804946705753497e-02,1.538066204852847618e-01,-9.136255953506670913e-02,7.372037496000884149e-02,7.052598461851580791e-02,1.728909911495938798e-02,-1.578088467614189097e-02,1.349933857159185679e-02,-7.803449171407438652e-04,-9.400156475362287517e-03,7.152529696430878769e-02
8.342234255995746584e-02,1.312703284123647174e-01,-1.853111319650820737e-02,-2.259375316055660735e-02,-1.775576407075925636e-02,5.810602916439717297e-02,-6.967533361757202726e-02,-2.561013559526295960e-02,2.940310672004107367e-02,3.460992401546994501e-02,-3.784349900782455617e-02,1.306385674707494574e-02,-2.495043189113422405e-02,-2.463410484953347870e-02,-1.899091221441208052e-02,1.486775679094602121e-01,-8.697518320938218972e-02,6.691056177981832831e-02,7.029311106030156076e-02,2.030740332874247239e-02,-9.123437898984817010e-03,7.795750818108264021e-03,6.120589241117606848e-03,-1.754693222795344898e-02,6.455312378590664923e-02
7.166872166759809260e-02,1.363859925919220784e-01,-8.315879187606570883e-03,-3.692126510273244927e-02,-2.752061446616239915e-02,5.035597268303713958e-02,-6.615371453690194192e-02,-3.487116728823735912e-02,2.963892658945359304e-02,3.925647800888661110e-02,-1.976314688972779024e-02,1.162257882180916906e-02,-1.605856225651901628e-02,-1.466151466269089744e-02,-2.634020607428823671e-02,1.400237082208601602e-01,-7.849812775545246535e-02,5.625037298282246218e-02,6.868027315030540703e-02,2.588587511869635052e-02,2.444505465709633212e-03,-4.191139816350711452e-05,1.791705757078799338e-02,-3.119416763123419173e-02,5.276085085870148295e-02
6.652631909236722541e-02,1.382677433185026949e-01,-4.044729221990409074e-03,-4.271139457632691649e-02,-3.177700820662368586e-02,4.738431593511120699e-02,-6.448580574982712421e-02,-3.880664928880881576e-02,2.974019293087792198e-02,4.101843895033608495e-02,-1.237156700459383918e-02,1.103330626558332063e-02,-1.230480173956517709e-02,-1.063615969219903860e-02,-2.920375978353369553e-02,1.364195659220649171e-01,-7.467533756084440699e-02,5.203246752328786334e-02,6.767752918684706576e-02,2.833909021871911654e-02,7.351016840575596255e-03,-2.818666626248755597e-03,2.286750070774488941e-02,-3.684305110728841592e-02,4.783617597031161045e-02
6.187224683793205587e-02,1.398426413558867265e-01,-2.486166625528474987e-04,-4.777675672269078577e-02,-3.562196402782032145e-02,4.484755381050410661e-02,-6.292960613229835187e-02,-4.232472299762456147e-02,2.982832333692617133e-02,4.251173144638207418e-02,-5.867607387871619749e-03,1.051747399951752024e-02,-8.959856955948084997e-03,-7.115404182245140506e-03,-3.166597672444312200e-02,1.332220197388516159e-01,-7.117179351109374774e-02,4.837503175406636380e-02,6.666066019402072662e-02,3.056499060624564765e-02,1.173699420050057333e-02,-5.093896795164491210e-03,2.727239100688393439e-02,-4.183855456370875331e-02,4.346016290967476964e-02
5.387228462076655566e-02,1.423279181915984570e-01,6.159142519181999738e-03,-5.617706896067933137e-02,-4.221666206672463478e-02,4.075393502461947121e-02,-6.017231877979900556e-02,-4.829388784683454755e-02,2.996987842836469629e-02,4.489772936047021351e-02,4.991862432432271970e-03,9.664370988053923653e-03,-3.305424779983953242e-03,-1.276622144091217733e-03,-3.567011053146048466e-02,1.278353218032432792e-01,-6.506985735522122227e-02,4.236470756752529904e-02,6.471963977369593612e-02,3.440287574759463146e-02,1.918299935351453281e-02,-8.588686461199522906e-03,3.471413345146964757e-02,-5.022188460450603686e-02,3.607356039178288148e-02
5.043697703958344158e-02,1.433250951627804692e-01,8.874548830377335801e-03,-5.968636983319974831e-02,-4.504343746716003155e-02,3.908106107095591503e-02,-5.896181846635439872e-02,-5.083172081144622656e-02,3.002633617918543107e-02,4.586352340569753439e-02,9.554327242194713549e-03,9.309598411646117025e-03,-9.088543696485312491e-04,1.162957659304158630e-03,-3.731615586862666728e-02,1.255562114114676386e-01,-6.242319555101474154e-02,3.987101241791599082e-02,6.382389108112208886e-02,3.605532071066023386e-02,2.235147935851554413e-02,-9.956655295894113050e-03,3.786900914779842142e-02,-5.375733613477891998e-02,3.294283138979033076e-02
4.732147863020374351e-02,1.441988789112823577e-01,1.132177155344952189e-02,-6.282579580469309366e-02,-4.760464133002723086e-02,3.760130387015046816e-02,-5.785223899769937478e-02,-5.312188352985386386e-02,3.007513515438005672e-02,4.671301827512366195e-02,1.364824508668063298e-02,8.993291747193979044e-03,1.250215429420699137e-03,3.345729336687043240e-03,-3.877635094498212143e-02,1.235038500879669515e-01,-6.001083671511420886e-02,3.764750969063850733e-02,6.298378630288851976e-02,3.755617391567252217e-02,2.521256329768968921e-02,-1.113876758790109840e-02,4.071256382638942933e-02,-5.693546502556758038e-02,3.012083556907133031e-02
4.448826821336988868e-02,1.449707562423672158e-01,1.353600747663896535e-02,-6.564843617580765067e-02,-4.993190521839131757e-02,3.628357149513342789e-02,-5.683433045655502530e-02,-5.519589443027422826e-02,3.011746732804077009e-02,4.746554003239772390e-02,1.733871854296660173e-02,8.709877991867120972e-03,3.202630699354060920e-03,5.308560260125796265e-03,-4.007968294998331266e-02,1.216481493267052988e-01,-5.780776305883228439e-02,3.565376458281099836e-02,6.219885204850347793e-02,3.892287927363290156e-02,2.780527505480965764e-02,-1.216995981360511486e-02,4.328545218218247254e-02,-5.980465013836773480e-02,2.756702772697885995e-02
3.954043660751736800e-02,1.462724665124673917e-01,1.738049189496034680e-02,-7.051151952785557342e-02,-5.399218715375533884e-02,3.403953480027243489e-02,-5.503837134407205123e-02,-5.879990661437929644e-02,3.018659217754847413e-02,4.873808133141750015e-02,2.371770700325111225e-02,8.223997066236029066e-03,6.589029934697309722e-03,8.691112833365946533e-03,-4.230505431137761285e-02,1.184288208744323223e-01,-5.394068603877795465e-02,3.222950636099632116e-02,6.078462922661740514e-02,4.131384873994922713e-02,3.231479673967415506e-02,-1.388092225055131794e-02,4.775241360326010903e-02,-6.477261481500128093e-02,2.313164377083812284e-02
-1.569607077785687421e-01,1.769510005469694947e-01,1.641888179942722070e-01,-2.548557402846038933e-01,-2.165487835022497365e-01,-6.235169755821812210e-02,4.727944317890798998e-02,-2.324854150036219369e-01,1.141609409050779594e-01,1.537111638406002401e-01,2.254535352436388695e-01,-5.773401249047509232e-02,1.651552130870174995e-01,1.230616978644348686e-01,-1.258454756322334167e-01,-2.402423307468144753e-02,-3.216226393568662884e-02,-1.449037105264487819e-02,2.779321213642634014e-02,1.815977880017416446e-01,1.947149483276346682e-01,-7.527810809794051317e-02,2.452218151069315288e-01,-2.695023080712113939e-01,-8.110100442429940548e-02
-1.832405480387811619e-02,1.102353740798439619e-01,4.812353485748607079e-02,-6.379160922867616046e-02,-9.166381686703403697e-02,5.472361601802219061e-02,-8.824516914135438483e-03,-1.103778632688762751e-01,7.764750230692632482e-02,7.098812666917425629e-02,1.973077302863938953e-02,-2.016926740848529534e-02,4.157089500806585708e-02,-5.726576306744837579e-03,-2.732155709688017728e-02,9.845045184692306772e-02,-6.567890366981647687e-02,8.326546355470870742e-02,2.840671543121184306e-02,8.467867061985942523e-02,4.983926870605494969e-02,2.694803834769584142e-02,7.872660505659041796e-02,-1.037896061876722870e-01,3.806055752374559731e-02
7.193930594224252906e-02,9.245651838270077527e-02,-3.116584753054579479e-02,1.882715976054811710e-02,-2.519156373360647086e-02,9.750383132806036968e-02,-4.984132117609658269e-02,-2.722511086099913685e-02,4.120824268103756571e-02,1.843550734157803350e-02,-8.577446201105863588e-02,8.280952738516197259e-03,-2.761605835071351614e-02,-5.727612870506888776e-02,1.303622617690577794e-02,1.618372076201055332e-01,-8.161431059383335296e-02,1.175242494978153973e-01,3.932787954585281048e-02,2.938730980538573762e-02,-2.054333480825036584e-02,7.055543140758466225e-02,-6.781035273892195743e-03,1.346203172657477968e-03,9.123737888064095691e-02
9.822689044655827373e-02,1.009613065433831031e-01,-4.488605640190725804e-02,2.585984839440857996e-02,-4.920646736510538195e-03,9.433650647993688243e-02,-6.568781739712525880e-02,-7.985897926896592947e-03,3.204327273427690081e-02,1.417189638077893943e-02,-9.604066142881516333e-02,1.510222303184165921e-02,-4.330248269031784086e-02,-5.979988144980768333e-02,1.221669724313306435e-02,1.719569242831985867e-01,-9.401241239851236553e-02,1.116299106236036953e-01,5.443364773490869113e-02,1.425868976689399423e-02,-3.508461652407851572e-02,5.843063309272553824e-02,-2.264673470217587817e-02,1.929191075314799081e-02,9.788398657378390155e-02
1.029634588874935031e-01,1.109616613836967025e-01,-4.229871239519583659e-02,1.643052454206658797e-02,-1.275956613991890282e-03,8.432870310065067321e-02,-7.142034297940445808e-02,-6.897411570423777651e-03,2.982413444261607094e-02,1.899472952485127888e-02,-8.531893326856097859e-02,1.603426102382488755e-02,-4.354732095422450544e-02,-5.232695315735626934e-02,4.287145756425385888e-03,1.692386255524423733e-01,-9.834002513419945468e-02,9.975813762962980336e-02,6.374896560640867793e-02,1.138546873220956483e-02,-3.378420535337996189e-02,4.151935261529957760e-02,-2.045000791925472711e-02,1.527376053225353719e-02,9.279577899383530115e-02
1.000451509466247085e-01,1.187351417934765924e-01,-3.602124526295166773e-02,4.565924523776471698e-03,-3.815243725585962253e-03,7.512887669769910404e-02,-7.281095729914437154e-02,-1.094015602787167668e-02,2.929310814505000846e-02,2.433343430571486068e-02,-7.120239531850602877e-02,1.547835641256439798e-02,-3.932432161992317765e-02,-4.372315565285110617e-02,-3.562634186593251987e-03,1.636837846379904926e-01,-9.755008407642221102e-02,8.870717051188024838e-02,6.834240935483854029e-02,1.256360784071206514e-02,-2.787266912341432659e-02,2.830592178727619687e-02,-1.369808937428697478e-02,6.395836377025105809e-03,8.498399567951439582e-02
9.434487315966491594e-02,1.245203613047759783e-01,-2.916349978087649786e-02,-6.660044176222299286e-03,-8.622864974245339834e-03,6.761050442072774613e-02,-7.225054345096300346e-02,-1.639262329063717605e-02,2.923656588589340286e-02,2.885810164552133836e-02,-5.756997952453173778e-02,1.457373540113198786e-02,-3.391509428353666616e-02,-3.578043879238353153e-02,-1.024533421585157103e-02,1.577573246054701783e-01,-9.428190637935077167e-02,7.933388169368631171e-02,7.017707178835147497e-02,1.517908613725251973e-02,-2.076193865467531458e-02,1.866131714483596979e-02,-6.023668115249149017e-03,-3.096366320449831736e-03,7.689450819151794070e-02
8.138179624041758098e-02,1.322660549680206576e-01,-1.669700542848243097e-02,-2.522410484719490864e-02,-1.945506885367176073e-02,5.663506015889167855e-02,-6.910190641978065929e-02,-2.725214069163859817e-02,2.944318686797605528e-02,3.549646183354937534e-02,-3.454750211268353688e-02,1.280254344210974594e-02,-2.336704646430634233e-02,-2.280117116260902896e-02,-2.037167796217463633e-02,1.471197131037764727e-01,-8.553642752953675987e-02,6.492485478963122558e-02,7.010160436240293891e-02,2.127255325447739709e-02,-7.067934750339685025e-03,6.239783404337367022e-03,8.232273473140911887e-03,-2.001272219366059119e-02,6.243340137667425377e-02
7.530226511757688590e-02,1.349455264876585070e-01,-1.139482272010365269e-02,-3.268020334477758637e-02,-2.450760683319507666e-02,5.258679200257057595e-02,-6.729237070678098509e-02,-3.205354885598250131e-02,2.956574103053634384e-02,3.792580846600704381e-02,-2.514697493737804226e-02,1.205278470206522408e-02,-1.875454074748407474e-02,-1.761112488067028206e-02,-2.420641335289876184e-02,1.426265814781802754e-01,-8.116278330705102573e-02,5.936920296871598529e-02,6.929552043105124959e-02,2.415673270144592585e-02,-1.070090952220212506e-03,2.124178555280192057e-03,1.435370407210921281e-02,-2.710212367522362928e-02,5.631232257644278039e-02
6.972418504114549775e-02,1.371172046005150746e-01,-6.690051377824059176e-03,-3.913740958446504381e-02,-2.913115359063535303e-02,4.920895976175747311e-02,-6.553012010272471488e-02,-3.636592895659605112e-02,2.967761832036880723e-02,3.993808574455702531e-02,-1.693959430055166915e-02,1.139719828327304466e-02,-1.463126254447887596e-02,-1.312066378638708855e-02,-2.744271690628757171e-02,1.386509198346388694e-01,-7.705915944658565941e-02,5.463088410158534192e-02,6.831773181601119571e-02,2.681272764775114933e-02,4.308265390862930921e-03,-1.128212899726407275e-03,1.980059666526619994e-02,-3.334810761898528847e-02,5.088605259117980756e-02
6.466526354606837168e-02,1.389106344101759816e-01,-2.519705578686584017e-03,-4.475492730174740474e-02,-3.331530817233378100e-02,4.635421994725302808e-02,-6.386833418424629760e-02,-4.021798123529885666e-02,2.977588883858121871e-02,4.162608414247116750e-02,-9.751793082774098259e-03,1.082516296694390964e-02,-1.096176176350454126e-02,-9.215728473015580985e-03,-3.020169854526467274e-02,1.351343929563827428e-01,-7.327892787124004603e-02,5.055357392555945295e-02,6.728219649221098275e-02,2.922855263445712712e-02,9.110426306571644400e-03,-3.752947016768300257e-03,2.463662696125523341e-02,-3.885264606555625250e-02,4.607812916427224403e-02
6.009919937275237656e-02,1.404156038961368869e-01,1.183156759839798598e-03,-4.966929380360282642e-02,-3.708507654968930950e-02,4.391353786344454058e-02,-6.232678292025643080e-02,-4.365557802418587596e-02,2.986084344895339332e-02,4.305881821696777578e-02,-3.428874594725238398e-03,1.032491869847763574e-02,-7.696956474986692796e-03,-5.800016362032569574e-03,-3.257637554290043758e-02,1.320172866415141311e-01,-6.982751873747504445e-02,4.701535960619418475e-02,6.624990655414972340e-02,3.141433028898158591e-02,1.339650584231720336e-02,-5.910174725392682363e-03,2.893465282115072895e-02,-4.371692119768166157e-02,4.180973836197741933e-02
5.598274303134154889e-02,1.416959458032178154e-01,4.481049317077447601e-03,-5.399395972901581409e-02,-4.047858972056477683e-02,4.180523035161962803e-02,-6.090860498949752372e-02,-4.672767512878587409e-02,2.993386299494131889e-02,4.428795507475815491e-02,2.161127471191658274e-03,9.885625216203342003e-03,-4.786624199658104026e-03,-2.794118031468847876e-03,-3.463843059971932065e-02,1.292448152398779637e-01,-6.668837373973582339e-02,4.392080292671080716e-02,6.525257965921432701e-02,3.338900456287786228e-02,1.722851332710100686e-02,-7.711430984101748896e-03,3.276473416960535429e-02,-4.803205791400731034e-02,3.800811234277782363e-02
5.226839886658807277e-02,1.427981328812825135e-01,7.429281239893833350e-03,-5.782204857088472927e-02,-4.353679304240088560e-02,3.996722595520209309e-02,-5.960893694990027081e-02,-4.948047844596244887e-02,2.999657709448655049e-02,4.535261958487806638e-02,7.128671820118016519e-03,9.497925696041478738e-03,-2.184349883943345963e-03,-1.331140027306507070e-04,-3.644355267125953812e-02,1.267690127303924552e-01,-6.383598609546684011e-02,4.119465519305204326e-02,6.430562118303456698e-02,3.517404961589122581e-02,2.066420945645480733e-02,-9.236239976762804574e-03,3.618977948608543410e-02,-5.187681336274069244e-02,3.460921219082731259e-02
4.891018580570156288e-02,1.437567365282975129e-01,1.007555529721270576e-02,-6.122975309272767758e-02,-4.629886711977439229e-02,3.835167717082955258e-02,-5.841938496805143544e-02,-5.195533951824823915e-02,3.005054129889494011e-02,4.628282287325893168e-02,1.156551866045506770e-02,9.153962176709391774e-03,1.508682817347908715e-04,2.235994818689684017e-03,-3.803543002401049700e-02,1.245487989581926247e-01,-6.124236843604315139e-02,3.877708397375936866e-02,6.341532698677283808e-02,3.679056821258289839e-02,2.375497841244460923e-02,-1.054255857888192552e-02,3.926450252474594088e-02,-5.531798723344608093e-02,3.155796324041793000e-02
4.586601917118360294e-02,1.445979757671420618e-01,1.246051646404909043e-02,-6.427949560125648110e-02,-4.880040545472427715e-02,3.692119595547015132e-02,-5.733033488690637836e-02,-5.418831904810551825e-02,3.009712823529704304e-02,4.710188438490189866e-02,1.554776579527114046e-02,8.847208458089174735e-03,2.254464642413155518e-03,4.356575094829520656e-03,-3.944868716636076161e-02,1.225493484175413095e-01,-5.888015685602058374e-02,3.662009418370668068e-02,6.258294382868376249e-02,3.825805072510568561e-02,2.654550262895702395e-02,-1.167347993296912606e-02,4.203575998525806157e-02,-5.841177957338322679e-02,2.880751657854742354e-02
4.309845959394058984e-02,1.453420802697964198e-01,1.461861791258004840e-02,-6.702260582997945915e-02,-5.107290414825350899e-02,3.564619516578691749e-02,-5.633212247301917774e-02,-5.621046157222980844e-02,3.013750672018161020e-02,4.782814949636970958e-02,1.913861625411262049e-02,8.572261794804908810e-03,4.156740018470014494e-03,6.264262441452670034e-03,-4.071104190130084288e-02,1.207412539006948449e-01,-5.672399066227000464e-02,3.468484818691187910e-02,6.180698459936299904e-02,3.959394540527373663e-02,2.907419969505035257e-02,-1.266163201559909746e-02,4.454339909482321613e-02,-6.120535618303837855e-02,2.631819961027425867e-02
4.057469588875061567e-02,1.460048999656319291e-01,1.657902858867105200e-02,-6.950150071238540839e-02,-5.314385395539857060e-02,3.450298608684241458e-02,-5.541559784900995655e-02,-5.804833546396710731e-02,3.017265517064230199e-02,4.847621907993674567e-02,2.239073517400473959e-02,8.324645457108186680e-03,5.883490365025655436e-03,7.988493769403205366e-03,-4.184489753636014275e-02,1.190996934102019483e-01,-5.475101474520088080e-02,3.293965131733643525e-02,6.108455775956527639e-02,4.081361604074988658e-02,3.137393334353519303e-02,-1.353212714655412791e-02,4.682122687001498418e-02,-6.373832767851041192e-02,2.405644483914223114e-02
3.826619410314554409e-02,1.465990249187260341e-01,1.836647028107829538e-02,-7.175142660221781044e-02,-5.503708521553155042e-02,3.347239808571748215e-02,-5.457236793160603200e-02,-5.972463390787377535e-02,3.020338628038730239e-02,4.905783997050830458e-02,2.534819368061671380e-02,8.100638434945971883e-03,7.456655656221754420e-03,9.553725229098836147e-03,-4.286852745602329900e-02,1.176036804299827598e-01,-5.294094568662790351e-02,3.135842797528715781e-02,6.041213150926495051e-02,4.193047393643645204e-02,3.347277475007377073e-02,-1.430458116804116109e-02,4.889793631393234141e-02,-6.604404213345237140e-02,2.199381284660982191e-02
-1.433620608840259492e-01,1.669601592417342406e-01,1.585402305765563347e-01,-2.282774957387466719e-01,-1.977512011927629876e-01,-4.606305774638197459e-02,4.253010250416062316e-02,-2.240584005747139063e-01,1.169504353156284870e-01,1.511022243485840577e-01,2.037008900548196444e-01,-5.694386315611751209e-02,1.509733677108766048e-01,1.035228897791222180e-01,-1.133551661766999397e-01,-1.040168032144928034e-02,-4.375731506244511654e-02,-3.371030595275472806e-04,3.024299786467913448e-02,1.702262192752515557e-01,1.743596351717024706e-01,-6.866368956730385664e-02,2.245518292468596522e-01,-2.570560184980902885e-01,-6.384638656401285528e-02
8.029216831720521752e-02,9.339742259153661907e-02,-3.669760323960687132e-02,2.325480173459918559e-02,-1.882984738449153955e-02,9.848464008781754320e-02,-5.432756595605788691e-02,-2.049685084021232034e-02,3.819567814867610295e-02,1.572433117969676900e-02,-9.165742503885716819e-02,1.060907720772527596e-02,-3.316379251037314402e-02,-5.969079085224004294e-02,1.439580332857001189e-02,1.660664984768635277e-01,-8.474680912235095509e-02,1.177658484712372639e-01,4.264102760095324351e-02,2.452125216322364673e-02,-2.592616351138934613e-02,6.988300394789367931e-02,-1.293425222049449964e-02,8.679633119802885460e-03,9.453081939370033826e-02
1.027101929986763973e-01,1.129942642567146188e-01,-4.097697683084323972e-02,1.367764102197311336e-02,-1.519631364652564241e-03,8.202618859119205352e-02,-7.201640639694142920e-02,-7.591884611407553191e-03,2.961960927639910660e-02,2.029367603943425455e-02,-8.207691499050767669e-02,1.597164790280797622e-02,-4.277697127192944121e-02,-5.029743280402455136e-02,2.360628023941925297e-03,1.680469675732240153e-01,-9.849585168257000978e-02,9.702495725961766959e-02,6.516925042320273476e-02,1.143828810752596167e-02,-3.262484890085642214e-02,3.805057446340928684e-02,-1.906953777588613411e-02,1.338013377274843360e-02,9.106923786132188614e-02
9.877171588632434329e-02,1.203468871911731047e-01,-3.430438220079501388e-02,1.650211465129140668e-03,-4.894236364379524543e-03,7.309134164863599625e-02,-7.279641909557307833e-02,-1.224534069537552318e-02,2.925426327002592433e-02,2.555235224989415438e-02,-6.768449217427270626e-02,1.526484443226882454e-02,-3.801636510805748298e-02,-4.164847394801796110e-02,-5.351705217861138855e-03,1.621919725562991632e-01,-9.688893500439405004e-02,8.620225447021340193e-02,6.899895227645382045e-02,1.313872156624283465e-02,-2.613574001690492296e-02,2.559608655882581948e-02,-1.179544874826113886e-02,4.003932792284596413e-03,8.293884197653346446e-02
8.599540300917729585e-02,1.299259610922061103e-01,-2.089446709192291710e-02,-1.916014830980225861e-02,-1.561026324521359865e-02,6.006356466107094089e-02,-7.036735550695912000e-02,-2.351216679965753217e-02,2.935447389931642240e-02,3.342772128534334669e-02,-4.212961514898968390e-02,1.340135507949572966e-02,-2.697856082992088761e-02,-2.702896393453081691e-02,-1.716431906260248302e-02,1.506880809309749381e-01,-8.876347937570559787e-02,6.952622827967107344e-02,7.046248112145062081e-02,1.909285860109521601e-02,-1.175472721738055060e-02,9.917564380583174591e-03,3.405229329149477707e-03,-1.435870051405584158e-02,6.728712486632587586e-02
7.951807958013054622e-02,1.331292288492738340e-01,-1.504807088582220918e-02,-2.756535329116160601e-02,-2.100554225105699668e-02,5.534529460791551975e-02,-6.856192733003098339e-02,-2.873734756732678614e-02,2.948047317890743757e-02,3.627225385281891007e-02,-3.160476049175965640e-02,1.256834450750781915e-02,-2.193760934380786787e-02,-2.117068805817912472e-02,-2.158798139046794531e-02,1.457208019118997055e-01,-8.420850436611559964e-02,6.316935439570012245e-02,6.988888354193475982e-02,2.215541563502246292e-02,-5.210959133414898303e-03,4.902264950947338162e-03,1.013356110872502824e-02,-2.222350793095474730e-02,6.052887209427199738e-02
7.348620360186197686e-02,1.356783525349386510e-01,-9.848815191891274051e-03,-3.481722577267665208e-02,-2.601411719520654864e-02,5.145664981660901666e-02,-6.672786791506495063e-02,-3.346603700993382169e-02,2.960242920179558673e-02,3.860072566209380579e-02,-2.243738394783381662e-02,1.183623366232772721e-02,-1.740210282340792086e-02,-1.612468484878021302e-02,-2.528563933042332276e-02,1.413190900713148235e-01,-7.983513354037546916e-02,5.779429563964115502e-02,6.899877997933141771e-02,2.502050259178894426e-02,6.920920411479209540e-04,1.017947377060259267e-03,1.614229376624275528e-02,-2.915899942261331382e-02,5.452885065354531879e-02
6.798373403126548031e-02,1.377509456257859921e-01,-5.246211463984466056e-03,-4.109285067274490166e-02,-3.057158331085777295e-02,4.820690570216828313e-02,-6.496448964523643399e-02,-3.769685878420575564e-02,2.971185542807917163e-02,4.053200976734723515e-02,-1.444247097767823937e-02,1.119814171142688095e-02,-1.336202269890484663e-02,-1.176125887244313002e-02,-2.840877193396975156e-02,1.374326915467633248e-01,-7.576430912948976804e-02,5.320725390513860592e-02,6.797571991462111884e-02,2.764313654791803257e-02,5.967523638709351652e-03,-2.062240055509046485e-03,2.147422381546319758e-02,-3.525713078661180805e-02,4.922133625051248323e-02
6.301063537188951458e-02,1.394672935384709822e-01,-1.171859163976156793e-03,-4.655133067598706681e-02,-3.468208908830129611e-02,4.545622455154808145e-02,-6.331388258883910436e-02,-4.146762244607423570e-02,2.980712447415614572e-02,4.215440082336831956e-02,-7.444199192013860843e-03,1.064222350899037169e-02,-9.773895464697795327e-03,-7.967127814742853975e-03,-3.107378024012490830e-02,1.339992228782595218e-01,-7.203222041600694514e-02,4.925733074520715488e-02,6.691789455244344376e-02,3.002005705743849076e-02,1.066835733269582039e-02,-4.555797625530060360e-03,2.620075107096494355e-02,-4.062568931743624351e-02,4.452440460182842397e-02
5.853166418432017432e-02,1.409110259898525841e-01,2.443102689027211536e-03,-5.132705908751081930e-02,-3.837786159958373605e-02,4.310118855378237274e-02,-6.178969247739091869e-02,-4.482823866207418656e-02,2.988906857952229254e-02,4.353338189786270379e-02,-1.288872749646428418e-03,1.015639006132353951e-02,-6.585248744961768631e-03,-4.647794045193844557e-03,-3.336977256942719183e-02,1.309576797328522169e-01,-6.863503549834931716e-02,4.582715444670253796e-02,6.587704869571305022e-02,3.216582698706647869e-02,1.485900315192224125e-02,-6.610930891980303092e-03,3.039773180528489160e-02,-4.536735011992166361e-02,4.035737138035502825e-02
5.449919220732905162e-02,1.421418053367028145e-01,5.661498604165673271e-03,-5.553084007447447318e-02,-4.170049012941151600e-02,4.106426003633455168e-02,-6.039164278583501050e-02,-4.782923551316947686e-02,2.995928390685356074e-02,4.471795710955969727e-02,4.153317796333582529e-03,9.729824448185439914e-03,-3.744680903958162027e-03,-1.725830892170417000e-03,-3.536534715287714681e-02,1.282532274472297784e-01,-6.555124679693528911e-02,4.282493357845670173e-02,6.487938666196794990e-02,3.410160362552236424e-02,1.860308837254392306e-02,-8.331161896087103946e-03,3.413600525555660764e-02,-4.957288689212607791e-02,3.664727177840101935e-02
4.757859390155780993e-02,1.441277922143095469e-01,1.112031767482759247e-02,-6.256816008401586138e-02,-4.739335421928712183e-02,3.772216728196837315e-02,-5.794420816149320475e-02,-5.293326881842423670e-02,3.007119627468837764e-02,4.664380743386692396e-02,1.331184935014040858e-02,9.019207752031271896e-03,1.072524410395857969e-03,3.166588001046667222e-03,-3.865694679085452529e-02,1.236727425065699132e-01,-6.021033776985943581e-02,3.782973516023626498e-02,6.305405796248758632e-02,3.743223140491280798e-02,2.497685773611449042e-02,-1.104318100330361346e-02,4.047847964541984728e-02,-5.667412665525848464e-02,3.035316020132693485e-02
4.460159660473135557e-02,1.449402713642440055e-01,1.344762885168897942e-02,-6.553608773564062462e-02,-4.983884766705605485e-02,3.633579958724310333e-02,-5.687520018095478663e-02,-5.511308413845136117e-02,3.011581204727146674e-02,4.743578667747024719e-02,1.719165655809934412e-02,8.721139826340335716e-03,3.124726962521047220e-03,5.230428238403767721e-03,-4.002797455072509142e-02,1.217221953246192534e-01,-5.789604897614902129e-02,3.573302890055726766e-02,6.223061254818888777e-02,3.886817746543989177e-02,2.770172214933174296e-02,-1.212946731867703756e-02,4.318275904349221789e-02,-5.969024286954460051e-02,2.766896971826382501e-02
4.189555532663578191e-02,1.456597970224072225e-01,1.555386830218371576e-02,-6.820670805076720078e-02,-5.206014094615130094e-02,3.509907813584143416e-02,-5.589599535543007813e-02,-5.708715566683905673e-02,3.015446032478997715e-02,4.813867689786067300e-02,2.069123212855391442e-02,8.453878447413180897e-03,4.980682923567709454e-03,7.087845613140381952e-03,-4.125345867394981936e-02,1.199580124648878254e-01,-5.578439158620163152e-02,3.385079935939148271e-02,6.146435801517548952e-02,4.017510508788046247e-02,3.017102850971624395e-02,-1.308004194976269269e-02,4.563009591185859803e-02,-6.241430577627656018e-02,2.523924652323486159e-02
3.942805531358952592e-02,1.463014029032611851e-01,1.746751336667913199e-02,-7.062106893697787935e-02,-5.408435370947845683e-02,3.398934732193255315e-02,-5.499732720253609763e-02,-5.888151682801168185e-02,3.018809008411578107e-02,4.876640834073373010e-02,2.386169955336423301e-02,8.213089111710661361e-03,6.665621326952201470e-03,8.767323935360161330e-03,-4.235490149084737005e-02,1.183559867801191462e-01,-5.385257554885802128e-02,3.215251328483159643e-02,6.075190781336140683e-02,4.136821746555247037e-02,3.241697657525240139e-02,-1.391855320710893261e-02,4.785351835937229348e-02,-6.488487283851809839e-02,2.303122533147966555e-02
3.717101244708748142e-02,1.468770566535884392e-01,1.921266823048123004e-02,-7.281327640233309362e-02,-5.593491225255966398e-02,3.298824777315555873e-02,-5.417077946317062215e-02,-6.051835573436863819e-02,3.021748611278041174e-02,4.933020289644902967e-02,2.674582163565912205e-02,7.995172051303900407e-03,8.200959220559602553e-03,1.029252695819703883e-02,-4.334985707577336533e-02,1.168956750018012303e-01,-5.208049123593420232e-02,3.061303435042140794e-02,6.008942327473945633e-02,4.246073301549201789e-02,3.446701481371661907e-02,-1.466351640205815036e-02,4.988101604260488514e-02,-6.713437543034575516e-02,2.101718051277790336e-02
