-3.086960548423903217e-02,5.478515174748715966e-01,4.974315003798205903e-01,7.233421556260685170e-01,5.779584980779162162e-01,4.506020911578202393e-01,-5.770638362515860820e-01,-4.308311362076925888e-01,-6.874395881434658406e-01,-6.943741234633072912e-01,-6.806410279508293693e-01,2.436121067709802468e-01,4.841439773350573739e-01,-4.877140157529814002e-01,2.375719530881453267e-01,-7.742365015495941138e-01,-6.276802218838576364e-01,-3.165501482327519600e-01,-5.370603714509142312e-01,-7.001424534145819223e-01,7.091972011413141264e-01,6.622036264102220543e-03,-6.376956481311901737e-01,5.414254770050177523e-01,6.775080032011883135e-01
-4.083327996858882036e-02,3.347144702660230786e-01,3.470081084107642933e-01,5.421059376486919712e-01,4.097593800306566503e-01,3.435726725068576348e-01,-4.349527520112043688e-01,-3.555205598416214530e-01,-5.105704196478216828e-01,-4.890690020074577871e-01,-4.938380630337189658e-01,1.617544536490906626e-01,3.413165816930386343e-01,-3.831927015778392454e-01,1.770743410874957569e-01,-6.173781224332686168e-01,-4.454411094688845996e-01,-2.437378341566640017e-01,-4.240942471568971417e-01,-5.085437141645700043e-01,5.165001557903233786e-01,-2.508276323972377653e-02,-4.687832315911878989e-01,3.455354779886301575e-01,5.030339608640219673e-01
-4.496748089498101009e-02,1.455231673880914844e-01,2.119307297380488564e-01,3.579473441902811248e-01,2.558194337511029981e-01,2.513698945216248370e-01,-3.046486363716298107e-01,-2.954418620670735685e-01,-3.366426923889452860e-01,-2.898103569493793441e-01,-3.110882882223317547e-01,9.728624049073091029e-02,2.208826569243944327e-01,-3.045124350808573466e-01,1.277843976115399516e-01,-4.497550056570234212e-01,-2.733714322394894536e-01,-1.853492259830475386e-01,-3.182899152136964838e-01,-3.170470065364191514e-01,3.226846811927825964e-01,-4.963970417199546625e-02,-3.115684325736155502e-01,1.739006579052185253e-01,3.361885092160689648e-01
-4.369836513592423310e-02,-1.169850832635390553e-01,4.197582359801049767e-02,1.243909900941014279e-01,7.023497556459443181e-02,1.373356951600376019e-01,-1.488978720522957933e-01,-2.308664389691364727e-01,-1.177483671554814815e-01,-3.431214969066825188e-02,-9.280501054827956786e-02,9.086035742551675648e-03,7.443675174931624339e-02,-2.188854568157297953e-01,6.219043856286847471e-02,-2.325192392999638480e-01,-6.226484913375252700e-02,-1.198992064754775821e-01,-1.994875046530920626e-01,-8.821649048565537166e-02,8.120917379860735641e-02,-8.174846547027683763e-02,-1.331626874426894980e-01,-4.729480178308421989e-02,1.376163535075228261e-01
-4.768740733132165177e-02,-4.426321516387704547e-01,-1.110565063171110867e-01,-9.443952354913857927e-02,-1.111466045485701853e-01,1.074493289525442312e-02,-3.786913311101387097e-02,-2.315255519523150285e-01,8.552709895756498149e-02,2.256307688382643006e-01,6.822580855242674214e-02,-9.517301539680081413e-02,-5.362373402891739554e-02,-1.836245243607408650e-01,-2.510431906099485841e-02,-1.923886202568422799e-02,1.448542823206432628e-01,-7.485776666205010144e-02,-1.537728229421335968e-01,6.670720194732616959e-02,-1.232474294410586813e-01,-1.355306122003179514e-01,-5.884615850015864624e-02,-2.928152533065528362e-01,-1.831871607952311604e-02
-4.858212675021637839e-02,-5.008025204059681768e-01,-1.437870514073044115e-01,-1.623898595132594047e-01,-1.478451925562835334e-01,-2.619477768203644016e-02,-6.003813106503417402e-03,-2.367745011705981728e-01,1.287226429161721919e-01,2.856390830417390725e-01,1.112825465732024260e-01,-1.262836932023915226e-01,-6.201687389092883779e-02,-2.153658585819920313e-01,-3.820782109809907345e-02,5.029109065693164460e-02,1.986986139649619953e-01,-6.539061597047532426e-02,-1.318506397602454416e-01,9.849639290721740048e-02,-1.622707532598299529e-01,-1.450309828918603106e-01,-5.052689141476185419e-02,-3.453039425274277430e-01,-4.707389833565105847e-02
-4.730415653379860252e-02,-4.885872663870408639e-01,-1.403803021855863087e-01,-1.667202522733792491e-01,-1.414199007358920845e-01,-2.615461766082430306e-02,-4.033734591590757042e-03,-2.385843127387580753e-01,1.211765242516256863e-01,2.783966214611737211e-01,1.103132314041000706e-01,-1.269938221652444632e-01,-5.070751874024172212e-02,-2.381171724325197303e-01,-3.437599514465184553e-02,5.633890242648010444e-02,1.970197770801610515e-01,-6.534673981557699574e-02,-1.213403443617474958e-01,9.210130847800290788e-02,-1.527566586162604212e-01,-1.410156913777553256e-01,-5.543937005675044633e-02,-3.374627369988509318e-01,-3.731546838333922589e-02
-4.466887596412381228e-02,-4.327753898777123576e-01,-1.160678000493737400e-01,-1.419418263690976623e-01,-1.118763446007243478e-01,-8.838263356837489093e-03,-1.832592428808395638e-02,-2.445042343038577870e-01,8.151460909817681566e-02,2.298160168611637078e-01,8.361997326706299694e-02,-1.140007148400469933e-01,-2.487944221078034271e-02,-2.783933575335053590e-01,-2.017512216793837521e-02,3.744601872987824570e-02,1.675893601855839576e-01,-6.834394061770164563e-02,-1.087276497212704141e-01,5.730764416682176260e-02,-1.114001845735890367e-01,-1.285317636866299962e-01,-7.645548693428950993e-02,-2.932682456637017432e-01,2.729871418073258338e-03
-4.380417244026481999e-02,-3.983802300497814031e-01,-1.001406701469547966e-01,-1.207374940787410700e-01,-9.441363613822348344e-02,3.559283459058547577e-03,-3.072970516334991992e-02,-2.484326458742327493e-01,5.663865279181197476e-02,1.976646497219676779e-01,6.410995585596283852e-02,-1.042652686574244841e-01,-1.335728414042068081e-02,-2.945399341697069739e-01,-1.212535906487128418e-02,1.993053267558305905e-02,1.469386302387999943e-01,-7.049702431808185787e-02,-1.062318448679262922e-01,3.489476191653378273e-02,-8.674211080667156015e-02,-1.220781466536649124e-01,-8.991144848778505339e-02,-2.652467798757587314e-01,2.681903224909538974e-02
-4.327412639735922495e-02,-3.625739463924896322e-01,-8.335294595144146501e-02,-9.678915447593912369e-02,-7.665157197067708206e-02,1.679348406103389410e-02,-4.489347819181811750e-02,-2.526935864673386933e-01,3.079140486130314824e-02,1.635481710200342997e-01,4.292490365278430614e-02,-9.375182618938047996e-02,-2.974309143385698347e-03,-3.082788373172280494e-01,-4.091730172079809623e-03,-1.376137148171626540e-04,1.247526278083886109e-01,-7.288446381078525493e-02,-1.056407858022960916e-01,1.135442349457782378e-02,-6.161521494539012184e-02,-1.159232349526132660e-01,-1.041953467909762926e-01,-2.360307754559921589e-01,5.151577397594300778e-02
-4.303062901940089141e-02,-3.264567578120139424e-01,-6.631272508431065860e-02,-7.143283700197963770e-02,-5.902114611751561879e-02,3.025971864257430768e-02,-6.000236752470763241e-02,-2.570983303043132828e-01,4.860179649751782821e-03,1.288025855584674917e-01,2.106626021726947309e-02,-8.296912236655760997e-02,6.463811837155962470e-03,-3.199720303421900724e-01,3.722068263557627796e-03,-2.157799953125679251e-02,1.019564911657908496e-01,-7.545166204706772739e-02,-1.065446250157709163e-01,-1.242327115435445765e-02,-3.674171434499523548e-02,-1.101487138521493048e-01,-1.188026857044752332e-01,-2.066415866629779663e-01,7.603024388133597378e-02
-4.348818732579844137e-02,-2.220872550393664935e-01,-1.670467732730634286e-02,5.674111089279234091e-03,-8.684532004367841174e-03,6.916527786707317438e-02,-1.062477020509605269e-01,-2.700796423030429882e-01,-6.904519189560373582e-02,2.806443756884866719e-02,-4.334341632712626624e-02,-5.136746632682974434e-02,3.108673873113130745e-02,-3.458977237466763222e-01,2.499231912539927672e-02,-8.759436458601202458e-02,3.469550257337820909e-02,-8.395495641876761506e-02,-1.153597338800309707e-01,-8.060355212164986571e-02,3.321145646362246018e-02,-9.516599975505535269e-02,-1.617807543601179898e-01,-1.224371428191304290e-01,1.446642967872115160e-01
-2.058252336329749119e-02,6.701856415183833349e-01,5.797626295430585719e-01,8.063236130925053313e-01,6.672004209367972116e-01,5.128967388856408016e-01,-6.521819663378085608e-01,-4.816990179173020192e-01,-7.731434936351082587e-01,-7.955800671992706574e-01,-7.713575723041962151e-01,3.046746751975906164e-01,5.685459226548265077e-01,-5.617900525255368205e-01,2.728999924839833890e-01,-8.417194528919672569e-01,-7.203665591934725887e-01,-3.640918085414441285e-01,-5.895302471613662609e-01,-7.911371785364128550e-01,7.991632285164177452e-01,2.910151127461405030e-02,-7.246684492710491199e-01,6.543199750432028283e-01,7.661647764319907683e-01
-4.401877674902992393e-02,1.892810975417637542e-01,2.217253040109430084e-01,3.714903794861714181e-01,2.736114445838861986e-01,2.604511221533312160e-01,-3.156080610599448777e-01,-3.132320791483379496e-01,-3.562287639936321249e-01,-3.266347146964126980e-01,-3.335723760952938877e-01,1.169483857112840058e-01,2.432865231330900713e-01,-3.297256654143153054e-01,1.208677439384786001e-01,-4.583254039560794579e-01,-2.942391222280795748e-01,-1.981977974997114755e-01,-3.199267202282110589e-01,-3.411389496910019470e-01,3.477808136625850643e-01,-4.883304680473254944e-02,-3.335141947184147027e-01,2.115862826369294958e-01,3.608861184477528128e-01
-4.670065474043414572e-02,1.625262997092685041e-02,1.008211650853283736e-01,1.966980638420381955e-01,1.310316726142398691e-01,1.755197394366811992e-01,-1.957392343216250996e-01,-2.578830012924464565e-01,-1.904761685037949237e-01,-1.393230372838057951e-01,-1.614228439575864926e-01,5.927752090402304413e-02,1.347940544796777385e-01,-2.529494824967379318e-01,7.850626069659229211e-02,-2.959552375612862218e-01,-1.360711637116120420e-01,-1.450409373793770940e-01,-2.275541341640570370e-01,-1.558819698019988653e-01,1.619742600858283255e-01,-7.084661631345291755e-02,-1.838327829168441563e-01,5.862623602338841444e-02,2.036168730976638530e-01
-4.658058393648883272e-02,-1.089694646099869518e-01,1.659201079937209361e-02,8.076591842026747958e-02,3.804351738320377319e-02,1.185809419653067465e-01,-1.168894442965820596e-01,-2.212061707149436951e-01,-8.037550591484295126e-02,-1.216014940805480553e-02,-5.099812233931428490e-02,1.541475582035220851e-02,6.282073747230405847e-02,-2.001910026087913574e-01,4.883338629290281951e-02,-1.896144853897090143e-01,-3.272570861506511608e-02,-1.111307277124978093e-01,-1.718029858710535818e-01,-3.520715633761338503e-02,3.998820757027278516e-02,-8.806288096543411770e-02,-8.665357737965728724e-02,-4.740949155879255195e-02,1.011847261747345766e-01
-4.556993124924260674e-02,-2.259524766329580048e-01,-5.198995681276216002e-02,-6.821643705602049509e-03,-3.156894412780476833e-02,7.355327788008074463e-02,-6.064422839779443769e-02,-1.991690714656780825e-01,3.843942133942351066e-03,9.085110415106167903e-02,2.621925010398275940e-02,-2.401033682534479269e-02,7.323975340724124192e-03,-1.585922622757570122e-01,2.048320423514067914e-02,-1.126509686505994118e-01,4.534296022576015522e-02,-8.844067123732357594e-02,-1.411455062637143598e-01,4.772942947801414593e-02,-4.998022239713968001e-02,-1.057282243899447943e-01,-2.414565270245795300e-02,-1.395227071039373545e-01,2.663034159468426892e-02
-4.621075767287675939e-02,-3.519256074587168714e-01,-1.075571717639296765e-01,-7.698433493678726036e-02,-9.400389707787606963e-02,3.132834205392435317e-02,-2.128219671466915347e-02,-1.909142887772374564e-01,7.748020820991895208e-02,1.870293557175932153e-01,8.411969376106072371e-02,-6.210188159237194777e-02,-4.507077609976349597e-02,-1.217060857325562573e-01,-7.893821887158650880e-03,-5.386494877376740709e-02,1.137976646397968888e-01,-7.042357280124258989e-02,-1.347070818113127455e-01,1.062426342277481423e-01,-1.271038359345017521e-01,-1.257691664418431610e-01,1.036604907675043631e-02,-2.322001300898445808e-01,-3.489486674774620184e-02
-4.901896635813881437e-02,-4.579968367079482738e-01,-1.463518297219754127e-01,-1.318726577502513930e-01,-1.467590268620642957e-01,-6.390191212155696583e-03,3.611025979142708231e-03,-1.937333716858337662e-01,1.355365840301812896e-01,2.652462420992028891e-01,1.258178042175656652e-01,-9.543262937776579580e-02,-8.817813690571663088e-02,-1.022490578481636825e-01,-3.050265994877294704e-02,-5.662981348434611116e-03,1.717908773775072839e-01,-5.614726760769665759e-02,-1.380222373924872015e-01,1.438018555408008825e-01,-1.877113149160928030e-01,-1.437233509082939398e-01,2.286278921436588757e-02,-3.112186532091841817e-01,-8.011958231736622527e-02
-5.130625101798683141e-02,-5.073647857843310849e-01,-1.652554929515100135e-01,-1.677756204045913191e-01,-1.738396143503633529e-01,-2.996638061619611923e-02,1.712297368506799158e-02,-2.006406128751869189e-01,1.629063877141645744e-01,3.037672815259113701e-01,1.483002700944050234e-01,-1.169923766906595386e-01,-1.049207728919786531e-01,-1.138029701287454204e-01,-4.149122271297538134e-02,3.101317635013005336e-02,2.063653692433542464e-01,-4.896226762331908067e-02,-1.303715540919073712e-01,1.586512575683970139e-01,-2.146414626024543693e-01,-1.515333808090131573e-01,2.224941510666344699e-02,-3.519763270539508215e-01,-9.669043322146167463e-02
-5.128378989516489683e-02,-5.070957538816823762e-01,-1.660953747142208670e-01,-1.811418484102386151e-01,-1.746203391512524405e-01,-3.620695273727763536e-02,2.056021078973225419e-02,-2.071384911114936833e-01,1.606495907996599304e-01,3.041209017353299626e-01,1.515363437894701737e-01,-1.247581108717132209e-01,-9.843500646840414037e-02,-1.454656424579864049e-01,-4.192612417380615214e-02,4.970050174069775423e-02,2.145543834919351467e-01,-4.784493097637777803e-02,-1.136586619741021958e-01,1.533023015806928013e-01,-2.098199173225091807e-01,-1.492057543949125431e-01,1.397544147479857710e-02,-3.551251218052675074e-01,-8.765296855241890006e-02
-4.789047170396146247e-02,-4.416983337866104975e-01,-1.389813065351739874e-01,-1.592340487262366155e-01,-1.408164673678784784e-01,-1.842705553471068319e-02,4.947208600526250069e-03,-2.185224646300436557e-01,1.135066258202925144e-01,2.479174502351703113e-01,1.220448341313707941e-01,-1.149441081069988158e-01,-6.467975757570273987e-02,-2.111322708182468422e-01,-2.849563396297127155e-02,4.196380131228605315e-02,1.859093734116764596e-01,-5.251014952339201625e-02,-8.623443934835768598e-02,1.108836927642843223e-01,-1.584262402851038809e-01,-1.334058211515275483e-01,-1.454831935141381177e-02,-3.069402442182358470e-01,-3.656959657711571915e-02
-4.632241643945619880e-02,-3.990802169424164658e-01,-1.203858386764081329e-01,-1.362793490154696752e-01,-1.194850648649027486e-01,-3.940413573352364966e-03,-9.010828521007582803e-03,-2.241596849956400961e-01,8.344763820917508457e-02,2.097659775853623620e-01,9.936084429661019846e-02,-1.045738567967919169e-01,-4.831616101231506893e-02,-2.363014363886891955e-01,-1.999399573881087411e-02,2.601791647324418200e-02,1.627785306636676532e-01,-5.589536184895989995e-02,-7.934351191857112739e-02,8.420985835994042323e-02,-1.276017081696422806e-01,-1.251552735704904162e-01,-3.124551436129284140e-02,-2.739293484411316482e-01,-7.014626257502687944e-03
-4.521234485368793438e-02,-3.556815400265497806e-01,-1.012503153010702178e-01,-1.103474642857569660e-01,-9.828991351331874127e-02,1.126979896853291113e-02,-2.464364491525644629e-02,-2.298181657392281141e-01,5.316810918198493219e-02,1.703399793555545882e-01,7.511709396026154673e-02,-9.298103165430635086e-02,-3.362212584913441826e-02,-2.566789702988649946e-01,-1.170979173965510343e-02,6.679574455688201337e-03,1.381074025516369208e-01,-5.959772662117306802e-02,-7.606449316415221651e-02,5.715135915926733423e-02,-9.723530122523166286e-02,-1.176465346592807937e-01,-4.832275675771835477e-02,-2.400480849172542952e-01,2.202240295751139304e-02
-4.454558774256153764e-02,-3.130756519181480679e-01,-8.236315751634143423e-02,-8.329385957775763127e-02,-7.781641277823093950e-02,2.634523806089499737e-02,-4.092543866398954538e-02,-2.354287338871804691e-01,2.375918972900378442e-02,1.313106916639455446e-01,5.060334178370777536e-02,-8.093483406820679849e-02,-2.033441123789190771e-02,-2.733019789136824085e-01,-3.963863852785015976e-03,-1.426350148141651564e-02,1.132152474125578956e-01,-6.356425728330274139e-02,-7.549608878072948392e-02,3.068796810501530498e-02,-6.815644427049634413e-02,-1.109482166654558732e-01,-6.533717264740770969e-02,-2.066814648793142972e-01,4.975971074489737161e-02
-4.424944044869369431e-02,-2.329095876157018241e-01,-4.664224560002233622e-02,-2.965203892153750465e-02,-3.961472558423228402e-02,5.470067309503864883e-02,-7.314421318931188520e-02,-2.462744429494182485e-01,-3.074558898362211856e-02,5.758976079134590920e-02,3.234547504324371704e-03,-5.690431677270803290e-02,3.404674142787203397e-03,-2.985968209378551119e-01,9.554367160875119891e-03,-5.716313982770023644e-02,6.517753046115064286e-02,-7.217731317490509724e-02,-7.989551298641958677e-02,-1.876294608263628927e-02,-1.477952150822219556e-02,-9.973701561078490707e-02,-9.823745692554956832e-02,-1.437499747182917897e-01,1.002607880319847794e-01
-4.447401791412426003e-02,-1.959021006043655533e-01,-3.007173545776018961e-02,-4.056428922168514237e-03,-2.191163560967922946e-02,6.772356333562533359e-02,-8.845648258619831505e-02,-2.514410323471298891e-01,-5.555441666533004336e-02,2.362446887105701734e-02,-1.904683288776346309e-02,-4.524958130665920203e-02,1.437017109612719057e-02,-3.084312614080049753e-01,1.532279385318055173e-02,-7.809397809106331800e-02,4.258997933357674959e-02,-7.676429442644829015e-02,-8.397590055241746509e-02,-4.141825658897506368e-02,9.479444636265335622e-03,-9.506033606803657166e-02,-1.138697414574135341e-01,-1.146137404592378756e-01,1.229107373181621554e-01
-4.539274835663483637e-02,-1.284033834788291806e-01,3.191420260419775630e-04,4.358040399457055458e-02,1.082586564155525732e-02,9.134828794148568132e-02,-1.167778030375403869e-01,-2.611916589196114358e-01,-1.002643274262600276e-01,-3.792982907845766222e-02,-6.028629569942111494e-02,-2.299399861755440505e-02,3.522153288108723773e-02,-3.243172253113247860e-01,2.504933128232724598e-02,-1.176837328357938500e-01,8.060902464672043679e-04,-8.633203885462084615e-02,-9.447089647974110660e-02,-8.244648913886555575e-02,5.341999946268804339e-02,-8.720796482176741693e-02,-1.432086031992839958e-01,-6.121554108479847905e-02,1.632276898701721934e-01
-4.562506930194806798e-02,-7.077573530602231100e-02,5.343916113217729580e-02,1.299213325594958113e-01,6.553765937958867804e-02,1.358141666495175370e-01,-1.477722187501505358e-01,-2.285544424160637078e-01,-1.138072061972595916e-01,-4.975270306441015311e-02,-8.596548534929972230e-02,3.057953067298856131e-02,7.672553150528862997e-02,-1.954543958392455372e-01,6.434155385075382427e-02,-2.433053845710406449e-01,-7.328986355519542806e-02,-1.171945024331657592e-01,-2.040586796751511500e-01,-7.162875054302346445e-02,7.459552421366544284e-02,-7.934465578628888127e-02,-1.106414414723813910e-01,-1.044817651223843916e-02,1.308580483011657358e-01
-4.795239956983179258e-02,-4.159960359164074917e-01,-1.458359126563352759e-01,-1.231005499804951192e-01,-1.474397567178739044e-01,1.435221346677995535e-03,1.401607399814703073e-02,-1.674541127926417461e-01,1.354939850144380731e-01,2.550499661147055397e-01,1.402543074720784821e-01,-8.437327628219097597e-02,-9.295773044444918809e-02,-5.610058276711338276e-02,-2.097341461702932966e-02,-2.599922210636021469e-02,1.577863112568282933e-01,-4.776687974314827029e-02,-1.308289554123549803e-01,1.733528465048590483e-01,-1.947167417981272020e-01,-1.377695942798570217e-01,6.890825283926789446e-02,-2.850949487300238339e-01,-9.765330670657948464e-02
-5.156871309944029147e-02,-4.933065371503993490e-01,-1.815091173438262151e-01,-1.771602400608909278e-01,-1.917126446605340595e-01,-3.112641335106309040e-02,4.012573254591732252e-02,-1.718737578868497207e-01,1.840132730493995172e-01,3.153473754788669869e-01,1.801062661629645456e-01,-1.074953568389979547e-01,-1.242757967577233780e-01,-4.920027051233064747e-02,-4.387040794888526218e-02,2.847672866681857928e-02,2.106619088105374238e-01,-3.784061257224616975e-02,-1.206407535256192182e-01,2.076037539385202357e-01,-2.466457042975268577e-01,-1.525676015578628641e-01,7.894470738918399344e-02,-3.471927842340463699e-01,-1.374506722431510786e-01
-5.309784615055376800e-02,-5.029799287225411586e-01,-1.909522069914668108e-01,-2.024622253505069802e-01,-2.011145797015986836e-01,-4.292596137123772665e-02,4.976294654523163996e-02,-1.811729365373518086e-01,1.910461642494304113e-01,3.229390074139046884e-01,1.912155979470741562e-01,-1.155886710082145163e-01,-1.225152804860376865e-01,-8.207968430672187010e-02,-5.274913756042833718e-02,6.318633202089957157e-02,2.300406890727322295e-01,-3.722252031811251749e-02,-9.602141303981368003e-02,2.096808895708270337e-01,-2.523323285896639234e-01,-1.534189642022147082e-01,7.203075534697510329e-02,-3.595585306038044937e-01,-1.361457814456138449e-01
-5.208866858560744911e-02,-4.741678762543531933e-01,-1.826069112071606881e-01,-2.026095120114058401e-01,-1.884166498457853778e-01,-3.850490720109388254e-02,4.661111335146415902e-02,-1.905417794345895810e-01,1.721957960912220698e-01,2.985543946361944312e-01,1.817411969969393859e-01,-1.129522210152027889e-01,-1.045631959884745776e-01,-1.271573132662116024e-01,-5.143246595442707569e-02,7.498340712696584254e-02,2.242920638875293415e-01,-4.080902224533843742e-02,-7.133824682930574312e-02,1.916237041203124880e-01,-2.303894138314026008e-01,-1.463440488185855370e-01,5.659368047130244883e-02,-3.407353307853367430e-01,-1.117484406841328243e-01
-5.010072451462380810e-02,-4.304699029932581023e-01,-1.658358216669793550e-01,-1.873060563106312415e-01,-1.670171265109978986e-01,-2.607228600382766742e-02,3.564869673779827441e-02,-1.991182344209425359e-01,1.426793346182979871e-01,2.608387010012501728e-01,1.613508817888406055e-01,-1.045518808035052344e-01,-8.335597572779070152e-02,-1.677638207498128031e-01,-4.533085553299218140e-02,7.054135522618021348e-02,2.057506606432874530e-01,-4.561384217273192071e-02,-5.418562056815935668e-02,1.648151608638469268e-01,-1.981214645377709638e-01,-1.371513694803042915e-01,3.774419154381855601e-02,-3.087887665813517923e-01,-7.946850186459968046e-02
-4.820895133313584519e-02,-3.828259999225733234e-01,-1.460913598631519428e-01,-1.642944896086024620e-01,-1.434728243514369062e-01,-1.073918417934616523e-02,2.076271374001733769e-02,-2.070616142786640135e-01,1.102531450198779711e-01,2.190439115627018651e-01,1.362678345298059257e-01,-9.340915965855811631e-02,-6.332326563761508931e-02,-2.004517478292231758e-01,-3.772312053260471615e-02,5.701690980155572214e-02,1.819619474791059066e-01,-5.080877110801233776e-02,-4.447712013134795528e-02,1.354161336465970478e-01,-1.637524827252873072e-01,-1.282944244553467783e-01,1.790193498528535113e-02,-2.727905196594596626e-01,-4.615875911771805812e-02
-4.679501153968121385e-02,-3.355960296570685841e-01,-1.258470160046957220e-01,-1.380047381284962016e-01,-1.202244956485308824e-01,5.131403517326285635e-03,4.262839124960925326e-03,-2.145446089150771507e-01,7.814053879397411806e-02,1.771155809141403414e-01,1.097173924030289821e-01,-8.105396171457150689e-02,-4.519926281925782524e-02,-2.262557176912007861e-01,-3.009461742035205931e-02,3.892863852152203541e-02,1.565530565102306315e-01,-5.625561092011852754e-02,-4.033249407069947057e-02,1.061386650145224875e-01,-1.303670549471141471e-01,-1.204526999601974180e-01,-1.923444175326347689e-03,-2.365177391716753452e-01,-1.430860289713319251e-02
-4.547070074486143226e-02,-2.479526042853132384e-01,-8.731973998722630803e-02,-8.365102465063810333e-02,-7.707236438102509080e-02,3.516771832788737062e-02,-2.918142435168743012e-02,-2.284324334627796105e-01,1.894145092443956513e-02,9.851033310405137022e-02,5.756687887519568170e-02,-5.540421098289827900e-02,-1.342812408389151835e-02,-2.635379465165734181e-01,-1.666761608513404880e-02,-2.159334631479300874e-03,1.065111233408610331e-01,-6.785694361375720074e-02,-4.264716620318773077e-02,5.162851946935283209e-02,-6.968085243640870230e-02,-1.078830698348397371e-01,-4.007189114211351377e-02,-1.681721851612517638e-01,4.255170056132088346e-02
-4.540132414200759997e-02,-2.083401103144194577e-01,-6.957499898989287501e-02,-5.736620379895444877e-02,-5.732657968895837897e-02,4.883155730783066834e-02,-4.512656986764110312e-02,-2.348916287715559770e-01,-7.636254880861882872e-03,6.281934210677275754e-02,3.301696426700037601e-02,-4.273924766321446356e-02,9.475373174869148284e-04,-2.773217866460529479e-01,-1.105711683415826554e-02,-2.309776248857726630e-02,8.294143203931771124e-02,-7.396121661214240250e-02,-4.718583903542402508e-02,2.691525021190684791e-02,-4.254198691950539235e-02,-1.029107280964713655e-01,-5.811191404951755041e-02,-1.368633727632534713e-01,6.747712201102878948e-02
-4.561329112344650327e-02,-1.716325131213342070e-01,-5.291713525856515249e-02,-3.218452162503348396e-02,-3.873482770180856904e-02,6.153573435265882047e-02,-6.027195010168548417e-02,-2.410371944856283255e-01,-3.220372982034351572e-02,2.972832115360320507e-02,9.734611776412369077e-03,-3.039474503717397649e-02,1.462998932003412890e-02,-2.888373315489706772e-01,-6.133437046206740087e-03,-4.366101358044669617e-02,6.058902096136354470e-02,-8.020781751336360232e-02,-5.320865059815775566e-02,3.927910761701910482e-03,-1.740693923904129345e-02,-9.864907651622271956e-02,-7.538235729617132064e-02,-1.075802695130520376e-01,9.021975538340860912e-02
-4.662254655631225403e-02,-1.067904401811057419e-01,-2.275665508228390949e-02,1.438948251035397814e-02,-4.758442455760258406e-03,8.420750453924279177e-02,-8.794812294318457568e-02,-2.523749708735913422e-01,-7.566861872175083270e-02,-2.869069575879431774e-02,-3.288348363493973081e-02,-7.006119581007513690e-03,4.031624798527849718e-02,-3.066560225802142381e-01,1.970494817875952879e-03,-8.294113083641226070e-02,1.966951397077863761e-02,-9.291076160529440631e-02,-6.844014526151984135e-02,-3.712984976217439947e-02,2.733808713116758424e-02,-9.189081245955554866e-02,-1.075314929974823530e-01,-5.503840791347001937e-02,1.297347488481242206e-01
-4.732529834682305120e-02,-7.854804131193535155e-02,-9.159861785824905192e-03,3.573750097398465525e-02,1.073318199851396905e-02,9.428151398742434797e-02,-1.004939168297721286e-01,-2.575513380815394049e-01,-9.477417001784518846e-02,-5.413085061701129047e-02,-5.224095402191507309e-02,3.922104699090789640e-03,5.238124835723273476e-02,-3.134285374009721514e-01,5.321144295229307021e-03,-1.015347387858408640e-01,1.068042841543590405e-03,-9.926022899825234780e-02,-7.726465857753075928e-02,-5.537007193836698815e-02,4.715738495906347111e-02,-8.925928485783056476e-02,-1.224012629459961254e-01,-3.171774035721828394e-02,1.467748659508748832e-01
-4.284800875306774004e-02,-4.050344399018673824e-02,1.072833442002491117e-01,2.131845986322349340e-01,1.218221957256587357e-01,1.700630338971811373e-01,-2.053119029281177677e-01,-2.442096474043048970e-01,-1.711363474645938854e-01,-9.874195062666663025e-02,-1.513712179492607557e-01,4.631386460554403478e-02,1.051926040629588555e-01,-1.898371784138116192e-01,9.186339294255853327e-02,-3.362173805111348113e-01,-1.418582446213723647e-01,-1.375140543575815166e-01,-2.751908812043026842e-01,-1.461081194871835243e-01,1.368694202717573027e-01,-7.224460094717108372e-02,-1.717027284493507222e-01,2.772944899472510466e-02,1.809050567723679837e-01
-4.493141649740952509e-02,-2.558977331879252470e-01,-1.987687868736693134e-02,4.987116480695056447e-02,-3.075707307490535905e-02,8.086322354643257770e-02,-8.853429825096774397e-02,-1.687024486216190666e-01,-2.353045666970044088e-04,1.163184801137495811e-01,2.028884661713245552e-02,-4.005880573617532497e-02,-2.575940797812288283e-02,-5.445609363198629371e-02,5.751073651867628228e-02,-2.142551414751090455e-01,1.084072127712108237e-02,-7.402641410043968306e-02,-2.187332754263626999e-01,5.117536133094002793e-02,-5.644252750411503372e-02,-1.008152705677977795e-01,1.013259427884723391e-03,-1.538646941013116776e-01,1.305159883875036536e-02
-4.563093879164049904e-02,-3.458111921756363838e-01,-8.382370463178911990e-02,-2.936296482163874150e-02,-9.413558690384554728e-02,4.097953995780916764e-02,-3.545628378083387489e-02,-1.536361601967440316e-01,7.147557916856624172e-02,1.978380726446264670e-01,8.620197438193880068e-02,-7.063429928261731605e-02,-7.155861785820619159e-02,-2.230514983438816254e-02,2.429219607416353149e-02,-1.418897134646855407e-01,8.087362730349041684e-02,-5.389675692506265547e-02,-1.848554371695906029e-01,1.248217130671372549e-01,-1.321566462148470178e-01,-1.180065430136386234e-01,5.555594559041759223e-02,-2.276822909078301815e-01,-5.190494508109955857e-02
-4.845196512572805259e-02,-4.381677975989689555e-01,-1.372276013142124107e-01,-1.021004033536303118e-01,-1.533696634767856837e-01,1.207277239989209801e-03,8.095863031667862794e-03,-1.526321828200988273e-01,1.387032345071162465e-01,2.735373332472362251e-01,1.431597673919081659e-01,-9.115421019059283259e-02,-1.115298204319083442e-01,-1.714108866104288110e-03,-1.239078756870556040e-02,-6.683334234119149564e-02,1.502490841834789870e-01,-3.977319694730285099e-02,-1.624767213465313498e-01,1.828523446207187542e-01,-2.049070825993155598e-01,-1.376981046257284846e-01,8.375865498733034431e-02,-2.997622639063326488e-01,-1.135676134065259635e-01
-5.150857406974292119e-02,-4.743444620107759024e-01,-1.678249570064243024e-01,-1.548640934401729619e-01,-1.837905741564074269e-01,-2.410916180672550632e-02,3.580049078568338372e-02,-1.618466843513004794e-01,1.716731994099202352e-01,3.052733954349315937e-01,1.758446316624340811e-01,-9.873051303764127096e-02,-1.211606716770159548e-01,-2.300761674320224437e-02,-3.859718765299512827e-02,-1.613992080126902204e-04,1.951335013765642112e-01,-3.715312013818981157e-02,-1.287114538235066274e-01,2.097629597900324550e-01,-2.391404343767718210e-01,-1.470541266388628032e-01,8.866483909520180007e-02,-3.331075275371250810e-01,-1.390727988866677367e-01
-5.055064329665170941e-02,-4.175735648813320711e-01,-1.687864411111972274e-01,-1.816480092137920388e-01,-1.708751905939709104e-01,-2.391851572768417811e-02,4.542056752072629044e-02,-1.845901794347065139e-01,1.503413269549070952e-01,2.638048118635899497e-01,1.720332905600481799e-01,-8.919814332622366670e-02,-8.510011024418105696e-02,-1.232982109292647538e-01,-5.210630694456138551e-02,6.048054049574123903e-02,2.026265264630191520e-01,-4.736689276128928927e-02,-5.828913158935209587e-02,1.905125678874495521e-01,-2.108587410973599696e-01,-1.379505815716376982e-01,6.462940676211466340e-02,-3.006885319695204450e-01,-1.041513656582119807e-01
-4.609948044203746043e-02,-2.796951066186104118e-01,-1.199300568371736014e-01,-1.263258274494958033e-01,-1.084230329738437720e-01,1.591467543093883982e-02,7.850819851939383823e-03,-2.116723121051172496e-01,6.593076694569931229e-02,1.474541852379263329e-01,1.031824010773053080e-01,-5.483004785492712890e-02,-2.580063169695689940e-02,-2.218138418271004553e-01,-3.851351101817565570e-02,3.603973843698424911e-02,1.420586260473494511e-01,-6.667425235347751444e-02,-2.848944673548356801e-02,1.125180825432393200e-01,-1.186193338641160638e-01,-1.167465427655833693e-01,7.247240558639757128e-03,-1.986240417663617530e-01,-1.435025494958147921e-02
-4.544912875966063831e-02,-2.008514250638723242e-01,-8.504611875951306743e-02,-7.694042884805060711e-02,-6.812843225131211267e-02,4.255867760639043401e-02,-2.307112341469217537e-02,-2.264987645070977718e-01,1.326326918660613446e-02,7.735116848616120644e-02,5.343108814388823624e-02,-2.999058153970076204e-02,6.626956539026869833e-03,-2.566025646578881658e-01,-2.807678881242184690e-02,-1.816585172673539431e-03,9.664010194850476687e-02,-8.053692747206570024e-02,-3.639919910335398523e-02,6.231903905781346897e-02,-6.296187109742568122e-02,-1.070331234802178455e-01,-3.103176016145591659e-02,-1.361972585750395870e-01,3.696978361169288990e-02
-4.565894947922160413e-02,-1.667648587118349957e-01,-6.869419678916625915e-02,-5.256212440393083496e-02,-4.945947605152500870e-02,5.469138389667094896e-02,-3.802573100453021659e-02,-2.331265476977206208e-01,-1.033764217826530114e-02,4.645256862797635805e-02,2.997298238994504371e-02,-1.801683947243869210e-02,2.137432740676319803e-02,-2.686218227839676786e-01,-2.340915709791027352e-02,-2.221664893711476976e-02,7.502687390876663920e-02,-8.764847089663259372e-02,-4.448411727422462575e-02,3.944042693110506870e-02,-3.811430816923643689e-02,-1.033715231362399289e-01,-4.923361576071673407e-02,-1.083382040376719702e-01,5.920119605469115892e-02
-4.846934721207126623e-02,-6.696753625430322543e-02,-1.241977307783901155e-02,3.600225136413909982e-02,1.463586882079236096e-02,9.493923500401500737e-02,-9.137360887959117273e-02,-2.541809456352731589e-01,-8.594686666135606390e-02,-4.731467249609791481e-02,-5.046131154953298337e-02,2.343241634977107773e-02,7.135671964126286126e-02,-2.914977363930498777e-01,-7.507831448602897417e-03,-1.045246693303909236e-01,-5.166174897285587351e-04,-1.155485390598396250e-01,-9.374446538427703979e-02,-3.630908749008452535e-02,4.139829047823281871e-02,-9.510153200679451191e-02,-1.136567903426835696e-01,-2.153270300172977977e-02,1.266455072428505357e-01
-3.152862317362178229e-02,4.281741930202795365e-01,3.859795311288163888e-01,5.996911890572802495e-01,4.689523298498038950e-01,3.774783276765953932e-01,-4.785745318020337424e-01,-3.954417980202452609e-01,-5.697770021181298716e-01,-5.757158586002500966e-01,-5.626514741137457198e-01,2.041992015246564263e-01,3.933528061130041054e-01,-4.428240673652711346e-01,1.819163063012924353e-01,-6.642812673880358343e-01,-5.104243627404390082e-01,-2.782305104535766627e-01,-4.483853855370206198e-01,-5.832179405201384226e-01,5.856933962503033664e-01,-1.679140004200091463e-02,-5.344540647161477587e-01,4.307506933552492367e-01,5.707632017251650369e-01
-4.560318557404931944e-02,-3.235091085730215643e-01,4.165025335434181103e-02,1.524220769928909536e-01,1.337026966939343711e-02,1.129981728274854075e-01,-1.604603563890801277e-01,-1.566517775876371532e-01,-3.008725150428829404e-02,1.446429609070450928e-01,-2.573423300589244844e-02,-5.002248197104203209e-02,-3.498402726183134914e-02,5.466888398453421255e-02,1.142085357355025338e-01,-3.630477360285244703e-01,-5.707008378513488828e-02,-8.917493766567104185e-02,-3.666183344877744776e-01,-5.817691657412150594e-03,-3.323923045909511070e-02,-1.055005830696598146e-01,-4.954544249709868370e-02,-1.847070872388088536e-01,1.759551648249096933e-02
-4.741856746316516075e-02,-4.351090135274277015e-01,-6.811340041035104931e-02,1.469582205713642654e-02,-9.568054618180026061e-02,4.570845142607731643e-02,-6.082324180933915830e-02,-1.258179586983683984e-01,8.459019617648703970e-02,2.624926269626970954e-01,8.789594391085199521e-02,-9.740942876256047933e-02,-1.079484393717387997e-01,9.598286253035621940e-02,5.471274965855014299e-02,-2.362828270328663771e-01,6.285200172823514342e-02,-5.114073259930237980e-02,-2.858021593288985196e-01,1.281251164627582873e-01,-1.540966438146512407e-01,-1.284545889888059067e-01,6.103615539698483555e-02,-2.883310967196155428e-01,-8.569122904676879093e-02
-4.909773081536824429e-02,-4.589932377717025891e-01,-1.092547770819950193e-01,-5.227763286049769836e-02,-1.360869360682204765e-01,1.381560148020831609e-02,-1.700511714397610202e-02,-1.394432481968416460e-01,1.246644536431623790e-01,2.854529805120901709e-01,1.257010046711216911e-01,-9.213225905024217954e-02,-1.152148770055866217e-01,6.054051886584892184e-02,8.276116753748187158e-03,-1.427639489406417328e-01,1.210933475189461123e-01,-4.501547986640431348e-02,-2.267502248805800258e-01,1.689393123229066818e-01,-1.951344454714302457e-01,-1.379752480674724113e-01,7.551846454379489149e-02,-3.094379381894307723e-01,-1.174601227009098442e-01
-5.044621232394706778e-02,-4.471415806354323008e-01,-1.340663589317788174e-01,-1.039149525129101498e-01,-1.523770620473897663e-01,-4.914306571935081989e-03,1.267323369313337091e-02,-1.565749389573088679e-01,1.395821743547723814e-01,2.817097282606834674e-01,1.470512635804943347e-01,-8.292485648725009262e-02,-1.007296455798568913e-01,7.552367139685099956e-05,-2.407812532020846621e-02,-6.067406966108505190e-02,1.576695520771322911e-01,-4.867473312858115048e-02,-1.639984419392410409e-01,1.860526769745318720e-01,-2.072657016910349204e-01,-1.401063963708722993e-01,7.448832759485411736e-02,-3.071648904917706480e-01,-1.225459531519613871e-01
-4.985000975555185787e-02,-4.111925007819198230e-01,-1.428236078428512246e-01,-1.320025914824839441e-01,-1.503612104670293548e-01,-9.108235280071784457e-03,2.692758099333771027e-02,-1.711636893229168677e-01,1.342712461746614905e-01,2.588252092858911446e-01,1.513517044377099552e-01,-7.391191056580634355e-02,-7.824683047467494157e-02,-6.393565472356504964e-02,-4.018985836787718202e-02,-7.322933306913958010e-03,1.705467283187301897e-01,-5.512343063334673027e-02,-1.112418182401442024e-01,1.838423331904956992e-01,-1.970681173355598170e-01,-1.362775906306936680e-01,6.606193984923879048e-02,-2.871725885395362554e-01,-1.081094551526413094e-01
-4.824648220203515275e-02,-3.672277662023595290e-01,-1.401267348273137758e-01,-1.393663599233783135e-01,-1.389540591736384556e-01,-4.229212497654616723e-03,2.892858799873030198e-02,-1.831868827509341435e-01,1.178451675351570027e-01,2.272403508945533002e-01,1.427529837932743906e-01,-6.444763009039042312e-02,-5.622540815944520459e-02,-1.171805283999772657e-01,-4.585985364629093647e-02,1.880973497618214363e-02,1.674550938048134097e-01,-6.158207857263359175e-02,-7.589061455235476816e-02,1.700244875963667079e-01,-1.760368555554299996e-01,-1.304134477994746966e-01,5.311902826328459420e-02,-2.589508705015041157e-01,-8.506311446140424337e-02
-4.667266629719839938e-02,-3.230714245042488608e-01,-1.307711241957874582e-01,-1.330387729359786830e-01,-1.232619358850720048e-01,5.064412841969296274e-03,2.311323620720141456e-02,-1.934511047722425325e-01,9.630952371259229872e-02,1.929851354228343807e-01,1.264354602377590620e-01,-5.421960788404563136e-02,-3.638729000116137924e-02,-1.576927841888588755e-01,-4.602939749139240561e-02,2.606999597951327463e-02,1.554028053683140786e-01,-6.797041100784401157e-02,-5.596624768067544331e-02,1.503863918197952676e-01,-1.508513657577160716e-01,-1.245273907805555524e-01,3.739255289255864062e-02,-2.282142264986083413e-01,-5.938302143495026442e-02
-4.479737972948750341e-02,-2.102084673257077485e-01,-8.866787294863159863e-02,-7.893195613964264223e-02,-7.003729421713839054e-02,3.928218089565824883e-02,-1.332777308736862558e-02,-2.178906652971012436e-01,2.696548372705807536e-02,9.671847134111660749e-02,6.192174426057293901e-02,-2.147423104598664492e-02,1.299773578048247537e-02,-2.264434289809879042e-01,-3.562636068250126659e-02,-6.125847398789836459e-03,1.002894860395688731e-01,-8.831144263746812384e-02,-5.142952421668856022e-02,8.334036216868009883e-02,-7.480390862433398957e-02,-1.113324650053312131e-01,-1.587271439169760101e-02,-1.415015964729406384e-01,1.293441599007343415e-02
-4.502481944190363239e-02,-1.808618930915081024e-01,-7.386140810761100683e-02,-5.696121256254705473e-02,-5.278653573753392531e-02,5.030536076061074141e-02,-2.731819589644225721e-02,-2.244067320960093093e-01,5.778799768354958045e-03,6.975513667402633011e-02,4.010363387883602443e-02,-1.094985688780469001e-02,2.695388871436720998e-02,-2.379500431940246019e-01,-3.119229890183822934e-02,-2.487175295114869844e-02,8.069614738114141983e-02,-9.542361137722700504e-02,-6.052166182473633915e-02,6.200704561943275184e-02,-5.220769955560605052e-02,-1.085649684009435539e-01,-3.362221350559921329e-02,-1.169671895802375516e-01,3.321902516405592087e-02
-4.554388561771741117e-02,-1.559386930257820880e-01,-5.950348146565848789e-02,-3.479957578631402010e-02,-3.632110246719514463e-02,6.070749066911162312e-02,-4.126183762915749259e-02,-2.301530957424188784e-01,-1.374738530569658175e-02,4.600606322732898879e-02,1.922663169023971705e-02,-1.049935583374068775e-03,3.975420763228295490e-02,-2.453929362977500250e-01,-2.666133873912066715e-02,-4.533278555924824538e-02,6.159040089582266952e-02,-1.025451649361112660e-01,-7.291493332433782171e-02,4.193158792649682304e-02,-3.154698768550727450e-02,-1.065569751466980408e-01,-5.080434484396848666e-02,-9.517846860290270217e-02,5.124029218367554678e-02
-4.720361723008984628e-02,-1.195888002162372454e-01,-3.285822681905518905e-02,8.398197353240982946e-03,-6.289162986550870561e-03,7.940310364253647113e-02,-6.821317892068820554e-02,-2.392871326485103423e-01,-4.730042234704379123e-02,8.721342867562497519e-03,-1.866032833648847630e-02,1.621545959742639112e-02,6.168658343732019711e-02,-2.497690756510777543e-01,-1.737055556224992997e-02,-8.916741478908392360e-02,2.584570008418949488e-02,-1.164315672258337264e-01,-1.054166770413018650e-01,6.135686860617262789e-03,3.498590762005439423e-03,-1.046769791839782665e-01,-8.280293672781947889e-02,-6.043050572436156620e-02,8.036930341916895260e-02
-4.939594811636059679e-02,-1.008799067187340082e-01,-9.458464261827838684e-03,4.872361039871413169e-02,1.947158373692598962e-02,9.525521510618044363e-02,-9.339185173261418949e-02,-2.452520484158368652e-01,-7.340016419186090602e-02,-1.494198753999905795e-02,-5.065909077253634429e-02,2.948772916155911056e-02,7.842444137580366348e-02,-2.418410496003628174e-01,-7.637528152397690152e-03,-1.348390026858034274e-01,-5.882624407076876907e-03,-1.293594743439065997e-01,-1.458236880765324539e-01,-2.361485743062439330e-02,3.003049318711032908e-02,-1.053961939927404307e-01,-1.110982987537461331e-01,-3.766614494103904393e-02,1.005788492932237210e-01
-3.387670080042311238e-02,3.252068721730335121e-01,3.134141221388548337e-01,5.104497175577681345e-01,3.912509076156936993e-01,3.300394258802101244e-01,-4.148787337370630768e-01,-3.657230967009129086e-01,-4.810056645989487234e-01,-4.752012182896731551e-01,-4.723347470026263983e-01,1.689689219966663825e-01,3.291006195717348093e-01,-3.953139069531926286e-01,1.553232874642160588e-01,-5.879895408701553139e-01,-4.267480799550730786e-01,-2.503831185772038559e-01,-4.046079012036621902e-01,-4.918490036993214964e-01,4.891705466814894043e-01,-3.294360411836737279e-02,-4.600049519521361985e-01,3.399701544536077313e-01,4.860896438319428081e-01
-4.908021550676763128e-02,-4.970647715089686614e-01,-5.898849555602995532e-04,1.311329031066683914e-01,-4.297303498240370029e-02,8.632416210054172367e-02,-1.411859299921319477e-01,-9.699113090374496260e-02,5.044385472240499324e-02,2.995407911734973005e-01,4.086796317116795502e-02,-1.195041122679283002e-01,-1.207684574683950129e-01,2.315478508971586802e-01,1.336508596913461022e-01,-4.137641373878926943e-01,-1.889313067140279551e-02,-6.928309299785762043e-02,-4.484009860271023218e-01,7.148160005091679092e-02,-1.260336672363159827e-01,-1.325058913212408263e-01,2.172383587848509753e-02,-3.257846040316246805e-01,-8.116574794462144693e-02
-5.033627155940265108e-02,-5.336016939260921355e-01,-4.825042636288374986e-02,6.569924597748311168e-02,-9.101890031116531554e-02,5.315835220405596556e-02,-9.256033320218613747e-02,-9.582947580729794801e-02,1.006574111423932522e-01,3.383968525522205173e-01,8.827670142479623894e-02,-1.235565443783667311e-01,-1.421506805636752191e-01,2.289025113214619989e-01,9.095712236781812454e-02,-3.398787618648849707e-01,4.120750054778021809e-02,-5.662627567673994555e-02,-4.046400884927877639e-01,1.276161128862048355e-01,-1.781900317030243319e-01,-1.450985457272866985e-01,5.651311703035363093e-02,-3.581937171181184820e-01,-1.266236480637336070e-01
-4.982514016794253875e-02,-4.503101253287273287e-01,-1.006120377838075203e-01,-4.998431579532991442e-02,-1.208914898013057210e-01,1.298557934679883501e-02,-1.535150076279896865e-02,-1.477860993515948407e-01,1.168665919115580570e-01,2.813241895662216274e-01,1.200761013938479449e-01,-7.380941690426894020e-02,-8.556398127237492546e-02,4.675766451032531412e-02,-4.064965398728463686e-03,-1.347103257306742352e-01,1.208564700109740625e-01,-6.443426513656994037e-02,-2.285945989698894287e-01,1.626715175566248728e-01,-1.837041193642469650e-01,-1.405697770891082832e-01,5.510531415700700708e-02,-3.014150978765109956e-01,-1.170881028607849844e-01
-4.643178103797637735e-02,-3.474668058115260028e-01,-1.113443134999035633e-01,-9.437859110672736085e-02,-1.086484247199188263e-01,1.262352633584649247e-02,7.878118831691914917e-03,-1.798433656250409685e-01,9.332226026466587665e-02,2.115442211886443546e-01,1.139421439181869666e-01,-4.762513417140173955e-02,-3.364382443502217379e-02,-9.276645578771436362e-02,-3.492192638545369571e-02,-3.551800280445362862e-02,1.339409318519056979e-01,-7.723154979583815583e-02,-1.194378904463843372e-01,1.489455443862514605e-01,-1.483443612885243512e-01,-1.285001071743316903e-01,3.698357900798764086e-02,-2.362492971479224213e-01,-7.388954867722585806e-02
-4.509781497782614640e-02,-3.060217023866218522e-01,-1.060145811666425159e-01,-9.350062010857795869e-02,-9.677047395781203376e-02,1.948391068630585601e-02,5.326358885257898024e-03,-1.904208951674890571e-01,7.618144046558217308e-02,1.805219982494465358e-01,1.007999869873283938e-01,-3.780542905568115564e-02,-1.542628383893219352e-02,-1.334360087940076600e-01,-3.787159929601588426e-02,-2.194476173782664366e-02,1.260970940034665255e-01,-8.301616734726957603e-02,-9.699118676463849842e-02,1.335832144157521884e-01,-1.275254604244111523e-01,-1.238048079339892082e-01,2.394244145218371242e-02,-2.077520990210427188e-01,-5.178512725487909724e-02
-4.433116864988826539e-02,-2.704050089220061959e-01,-9.693260388756470836e-02,-8.401730732849292671e-02,-8.307242300830021409e-02,2.813616229898413534e-02,-2.168221181612832536e-03,-1.991904277981712545e-01,5.768952210102157308e-02,1.518492731201343537e-01,8.413895571949209229e-02,-2.833882840460993924e-02,2.153604980694355465e-04,-1.615883833293117466e-01,-3.729927371034997413e-02,-2.195574900599596077e-02,1.135226517169149463e-01,-8.902306610199293979e-02,-8.805920330196469192e-02,1.157867625495878211e-01,-1.063990406232216968e-01,-1.200765439590067291e-01,9.113842604952345633e-03,-1.815629546411135498e-01,-3.058629008966021190e-02
-4.409377470386782738e-02,-2.402208279648421763e-01,-8.579427176377775466e-02,-6.933744387280370292e-02,-6.853032275325719735e-02,3.749943399650967901e-02,-1.253394823504028893e-02,-2.066339180823394961e-01,3.906015501705602244e-02,1.258846406144939756e-01,6.578701607305643961e-02,-1.915180676456553627e-02,1.408716155779425258e-02,-1.806113720035674719e-01,-3.478241097146847483e-02,-3.070487721270335688e-02,9.837381801754327415e-02,-9.532088894656866318e-02,-8.860680890273212040e-02,9.707654048551692116e-02,-8.587009171888991543e-02,-1.172700546059350368e-01,-6.698815478057730012e-03,-1.578821138946903679e-01,-1.090299155450088001e-02
-4.429404677698138559e-02,-2.152927428040296853e-01,-7.369647141273806545e-02,-5.166146357395291766e-02,-5.381998783607238462e-02,4.696061539617661651e-02,-2.448221345749511391e-02,-2.129614815771847525e-01,2.111317495527928814e-02,1.030068302117274071e-01,4.697331224194972732e-02,-1.041439614900894865e-02,2.650613890702468653e-02,-1.926260794427879230e-01,-3.113415990212331508e-02,-4.514927233424444186e-02,8.201168233846875544e-02,-1.018331252012776300e-01,-9.601883661154815564e-02,7.842586600734956226e-02,-6.656600985922848934e-02,-1.153378694463899484e-01,-2.285373866873857338e-02,-1.369725994887310283e-01,6.860124601456091958e-03
-4.483854901185788111e-02,-1.955296349747136508e-01,-6.133239065282757724e-02,-3.239221714414802777e-02,-3.940152373395168495e-02,5.617173849254302603e-02,-3.722238952945198381e-02,-2.182653416634715571e-01,4.370905601154299533e-03,8.350122921876622362e-02,2.849466315350262374e-02,-2.333602043401746765e-03,3.756143177821533868e-02,-1.989593565302745504e-01,-2.677289858832115899e-02,-6.337096056827180857e-02,6.529462277685425808e-02,-1.084376765943076415e-01,-1.085942226334025845e-01,6.044263172557089170e-02,-4.890212811607953791e-02,-1.142346956847701267e-01,-3.888164845136955067e-02,-1.190532774478995082e-01,2.246186784432412792e-02
-4.564711735104778206e-02,-1.808223622821777954e-01,-4.913385102243712776e-02,-1.242817047838089793e-02,-2.558005447246030489e-02,6.493906514684773257e-02,-5.026882375179653889e-02,-2.225938773515890867e-01,-1.085949452855647715e-02,6.752017489025607944e-02,1.085211870336041419e-02,4.919642697762211837e-03,4.725653147002906868e-02,-2.004843258812223639e-01,-2.191684408101561565e-02,-8.412542825052828077e-02,4.876315216125921836e-02,-1.150123632508414512e-01,-1.251723583772579584e-01,4.349237029658899883e-02,-3.312890820078651100e-02,-1.139124832062483328e-01,-5.445683938460177398e-02,-1.042516481808221235e-01,3.579160868762541747e-02
-4.665436501515813489e-02,-1.709730613419036260e-01,-3.736168809425769594e-02,7.651815889078913101e-03,-1.254495376245795719e-02,7.316297565725472796e-02,-6.332097895754418282e-02,-2.259896440357399006e-01,-2.443090897442520490e-02,5.506868957637252315e-02,-5.660091326341019219e-03,1.123564497690117230e-02,5.558619350879032833e-02,-1.978417568115953262e-01,-1.668764433868181671e-02,-1.065644471856090764e-01,3.275064994903365001e-02,-1.214537110615415694e-01,-1.448904901298602443e-01,2.777377390465648674e-02,-1.936044916134141425e-02,-1.143136925159128070e-01,-6.936650876200066429e-02,-9.257933021363050352e-02,4.684906091708557208e-02
-4.906106875154775393e-02,-1.643921562905712452e-01,-1.559895014504009657e-02,4.680475436705024139e-02,1.084150389862324412e-02,8.786531117318485684e-02,-8.875759463135532434e-02,-2.302318399161395468e-01,-4.660269875721155530e-02,4.003941643802872569e-02,-3.483338039765331018e-02,2.095407822090698119e-02,6.830622710336381465e-02,-1.822295763948700020e-01,-5.422305400212160814e-03,-1.541572426156025688e-01,2.956542164021600926e-03,-1.336486472590689978e-01,-1.909579930208462062e-01,2.548526541449554531e-04,2.278731987577658959e-03,-1.169791711623616171e-01,-9.675886478951861713e-02,-7.803784991337918420e-02,6.261900269961744037e-02
-3.971502168284619244e-02,-2.289229610563717487e-01,1.433089855154098813e-01,2.998186785690548639e-01,1.408192709355751415e-01,1.857661075070398404e-01,-2.675859783651469703e-01,-2.088354112441843935e-01,-1.533278073172850697e-01,1.790378438401363237e-02,-1.643639407295990618e-01,1.399468816044725349e-03,5.514426267748744753e-02,2.532630645064882276e-03,1.551758954792016587e-01,-4.924711869193522107e-01,-1.881819800096700690e-01,-1.455642051674510273e-01,-4.637854724804139628e-01,-1.677756318979223560e-01,1.085401695754600188e-01,-9.252599634433308906e-02,-1.979642131794360493e-01,-8.334570910625561935e-02,1.338009856582964563e-01
-4.302693492515526769e-02,-3.680314465293495485e-01,1.134414675774697151e-01,2.699952893954753463e-01,7.740187100451767499e-02,1.533826983360570551e-01,-2.387002241075315556e-01,-1.533724166454795979e-01,-7.634052103300648096e-02,1.519697401989636154e-01,-9.529713052735631906e-02,-5.105862300946908960e-02,-2.229427300772278756e-02,1.431115384591030437e-01,1.699652249597888853e-01,-5.139093671653784945e-01,-1.416461428638163267e-01,-1.166202827533070474e-01,-5.057353196232874382e-01,-8.281200189603775408e-02,1.594795299745909931e-02,-1.053037308001146255e-01,-1.184937760148410957e-01,-1.971521854117121997e-01,4.055669996357375018e-02
-4.946453377287030051e-02,-5.241812895230790748e-01,2.433151125341240228e-02,1.775366400652267918e-01,-2.292353987941950916e-02,1.003187227150400401e-01,-1.665989021119086977e-01,-8.497529974440391765e-02,3.852542583398075454e-02,3.162923540055608829e-01,2.012898888794137364e-02,-1.257701202706482391e-01,-1.241268307876455673e-01,2.849813910670860317e-01,1.582864606185797052e-01,-4.809698730917350562e-01,-4.940725420422500264e-02,-8.001538934937375835e-02,-5.060700324118435622e-01,5.262775412500119571e-02,-1.132207727166985173e-01,-1.339936565474476038e-01,1.003041252745586441e-02,-3.428800520359068238e-01,-8.127920742689236089e-02
-4.984061721628090663e-02,-4.850965825626750716e-01,-7.456332240220665819e-02,-3.229132895238134935e-03,-9.768231575329959504e-02,2.555153999402922857e-02,-4.197361598537132504e-02,-1.342540276331704030e-01,1.097531850586863228e-01,3.074891704638235135e-01,1.030804657782539990e-01,-7.415648408271240111e-02,-8.196342267647843682e-02,1.160158249908616740e-01,1.818514713209814018e-02,-2.094102492424649298e-01,9.240332201954808145e-02,-7.952357490292105702e-02,-3.091255408875527300e-01,1.479576868665806177e-01,-1.767236571804861600e-01,-1.484628318972781580e-01,3.860402968166240512e-02,-3.194491447856956379e-01,-1.278216034541441171e-01
-4.741079237652557482e-02,-4.169723818792365200e-01,-8.547957557938805351e-02,-3.807075958409328331e-02,-9.365810713803877918e-02,2.217597193013818094e-02,-2.134164045742827434e-02,-1.564125273739508382e-01,9.691533122607200179e-02,2.601614818353335523e-01,1.013762536910794293e-01,-5.457746773491675696e-02,-4.767234412205922922e-02,2.030119652549448872e-02,-7.675887295225375558e-03,-1.360973038726997209e-01,1.056310289298967170e-01,-8.574077325687345930e-02,-2.306161642885520835e-01,1.442881423121177564e-01,-1.559252721718383805e-01,-1.395363792447143481e-01,3.213420801736186633e-02,-2.740465249204834808e-01,-1.009691016240286260e-01
-4.428581086758161256e-02,-3.231602841743522192e-01,-8.621805685055074220e-02,-5.802249865418218633e-02,-7.764146236614252738e-02,2.933461238224847889e-02,-1.276861278536383856e-02,-1.829203963659608301e-01,6.842043827392937927e-02,1.928650690652570776e-01,8.335888943586110267e-02,-3.185743015676174850e-02,-6.479024378899721388e-03,-8.804461560791911057e-02,-2.594437891765373830e-02,-7.521884978836347602e-02,1.033098449840434141e-01,-9.582750362915805342e-02,-1.555320115993440167e-01,1.228663725632309911e-01,-1.182834526993939428e-01,-1.287235102193006742e-01,1.267198591617558871e-02,-2.109319119039842205e-01,-5.713270509855117307e-02
-4.376151841484484523e-02,-2.915133835024542597e-01,-7.992103068243178177e-02,-5.230735449884813676e-02,-6.682790619636856666e-02,3.618107034394132254e-02,-1.805414733834459842e-02,-1.915657383956722304e-01,5.321745008950311967e-02,1.675782150616985378e-01,6.943165973730251739e-02,-2.334785454077552974e-02,7.491705795589791508e-03,-1.156487652273423122e-01,-2.690642602214237886e-02,-7.139066233212761070e-02,9.382867967344438176e-02,-1.010936118486990276e-01,-1.452790842261708903e-01,1.082414895677803468e-01,-1.007151503419246169e-01,-1.258024161593336854e-01,-9.318444381311868257e-05,-1.876187704213974072e-01,-3.878725447859377590e-02
-4.378950000522200542e-02,-2.672155734529538251e-01,-7.134065186955322602e-02,-4.087138455928306796e-02,-5.507279345009785665e-02,4.382686143100864712e-02,-2.664755196291505174e-02,-1.984218553316430267e-01,3.816636328541934270e-02,1.463800300016643019e-01,5.404249153546341472e-02,-1.569930392275745157e-02,1.919716366142312433e-02,-1.323558283068537733e-01,-2.526391588944238917e-02,-7.764235653089827938e-02,8.157957544134142314e-02,-1.066975691041043284e-01,-1.461405732668335788e-01,9.267244088778349431e-02,-8.416579911603128128e-02,-1.240569015017930626e-01,-1.398501285682910919e-02,-1.681624958857760865e-01,-2.254271264615710646e-02
-4.424474580331671375e-02,-2.492521783647976275e-01,-6.153280358826405949e-02,-2.592389404462183689e-02,-4.297151513968978237e-02,5.171591927489167795e-02,-3.721073298918567418e-02,-2.038681381204914544e-01,2.382212681131342866e-02,1.289932934245038576e-01,3.819761703405524789e-02,-8.836443499951492780e-03,2.917391914110040521e-02,-1.409134939345791371e-01,-2.199366905085043192e-02,-9.061608717894091558e-02,6.784914315358335501e-02,-1.125420182452156054e-01,-1.549482763496486393e-01,7.700152598234051571e-02,-6.895497093259683741e-02,-1.233038450474129299e-01,-2.837225819858739742e-02,-1.522061153041613935e-01,-8.448734723870891458e-03
-4.502037531635953022e-02,-2.369320720661999835e-01,-5.119700194606281729e-02,-8.934276691413372412e-03,-3.096101373343418048e-02,5.951304468410596737e-02,-4.888320613934105108e-02,-2.081188911051934376e-01,1.056046822652216555e-02,1.152613307438509899e-01,2.257940205015942711e-02,-2.798943018080919058e-03,3.765778474711534152e-02,-1.431013431963687466e-01,-1.765511133863061424e-02,-1.080924436786304260e-01,5.348768646711558189e-02,-1.184936998730413693e-01,-1.695427828549005422e-01,6.178096187833096581e-02,-5.532000823813203183e-02,-1.234104923267512061e-01,-4.277977829418309202e-02,-1.395546716876488458e-01,3.471579876494111476e-03
-4.720092535660178057e-02,-2.266741774166607382e-01,-3.054463367255245629e-02,2.759879510988284129e-02,-8.241991064572349798e-03,7.415761526140871029e-02,-7.351560159808351314e-02,-2.136346787926797497e-01,-1.208405757188147495e-02,9.780173443230302799e-02,-6.497823281342614797e-03,6.718503018691782298e-03,5.069256160894546059e-02,-1.332188294816514518e-01,-7.038901151804263789e-03,-1.508825818466069113e-01,2.484968005202709690e-02,-1.302549852900584115e-01,-2.101295038616467770e-01,3.382695905531683117e-02,-3.307178971052036898e-02,-1.257158362098171056e-01,-7.047276415249109638e-02,-1.232274625404017054e-01,2.114734296402409272e-02
-4.847736420745889230e-02,-2.273022348877344057e-01,-2.064210704355800771e-02,4.606591962203276935e-02,2.233807558846549312e-03,8.087220823576288242e-02,-8.586251084699514369e-02,-2.151863167033162549e-01,-2.149820997657376359e-02,9.330535612744127183e-02,-1.966475041916823305e-02,1.028761596915278749e-02,5.553617259750086299e-02,-1.230932249941143197e-01,-1.175548513684577731e-03,-1.742648976201411071e-01,1.110133181866612175e-02,-1.359026730050180987e-01,-2.338408325077208361e-01,2.128505082831687323e-02,-2.429546619904690563e-02,-1.276541202184522383e-01,-8.344525670629447667e-02,-1.188540074426886056e-01,2.731363738704179964e-02
-4.981084609320220874e-02,-2.306958924483630269e-01,-1.113493770554920687e-02,6.424262452177469107e-02,1.209932771576650509e-02,8.717508288707473407e-02,-9.798087089172499708e-02,-2.161365754041275899e-01,-2.982043048798261806e-02,9.095743627649718888e-02,-3.192193005179658899e-02,1.320578829467483617e-02,5.950974731737614792e-02,-1.106729328680052665e-01,4.847607352287250024e-03,-1.980430999571009265e-01,-2.110546779544901323e-03,-1.413332568390591182e-01,-2.585864634070303980e-01,9.662323643306212559e-03,-1.682076944734611432e-02,-1.299300665031677404e-01,-9.575816426474489940e-02,-1.164040873464786408e-01,3.208792290897077154e-02
-3.565290334437828251e-02,8.948824078646995528e-02,2.226785866767673483e-01,3.987580654534982338e-01,2.761171003410543001e-01,2.625340666673651180e-01,-3.394369735761598728e-01,-3.030924099873464339e-01,-3.315479495732571169e-01,-2.675372308780827324e-01,-3.296046754395530742e-01,9.771445748979244728e-02,2.096951145401988181e-01,-2.470965604983079433e-01,1.451223231393355406e-01,-5.184423401407888266e-01,-3.107616131046109231e-01,-2.058843660437686129e-01,-4.093990936487236221e-01,-3.464121060876614866e-01,3.194643422954233092e-01,-6.101816735174606099e-02,-3.447377275639929572e-01,1.578301634051507141e-01,3.330818886909835408e-01
-4.118942296063121677e-02,-3.411172828120694334e-01,1.393949014089453375e-01,3.059333619987787412e-01,1.018509311126177541e-01,1.683803815446889562e-01,-2.562768732828006324e-01,-1.538038412708736535e-01,-1.038094391011605416e-01,1.258844951666024947e-01,-1.260535041823060143e-01,-4.360165302699960804e-02,-6.811131208290006553e-03,1.419416161276998434e-01,1.839934100162423924e-01,-5.536650416516978312e-01,-1.722635418277216057e-01,-1.259544080978471925e-01,-5.244703651244859710e-01,-1.087354979901602597e-01,4.957020749816352934e-02,-9.546199422950855940e-02,-1.318982666092151645e-01,-1.745183863585189343e-01,6.483919664327740529e-02
-4.405840715509384137e-02,-4.037142593914276323e-01,1.049667995213623417e-01,2.724840906779177896e-01,6.239842870373574907e-02,1.499336664405556963e-01,-2.272435721441861955e-01,-1.189528732659621696e-01,-6.179702850033477746e-02,1.938354597454186867e-01,-7.996088603198724110e-02,-7.897062435011853454e-02,-5.238865274276022221e-02,2.067300997493248527e-01,1.870849753600367094e-01,-5.495820843391636679e-01,-1.397261250989409731e-01,-1.103998560752299102e-01,-5.237442459719359178e-01,-5.230610011300295542e-02,1.504944064137783873e-03,-1.034674563390921009e-01,-6.813403738215879912e-02,-2.359961441010865468e-01,1.975216945924323370e-02
-5.181201274906580695e-02,-5.925717542546989902e-01,4.716467554527535230e-03,1.572541913260726565e-01,-4.884561312641150232e-02,7.675513891617512241e-02,-1.434333930474799568e-01,-7.608163731127694229e-02,8.330263797985040797e-02,3.784107219213702078e-01,4.951042324443882120e-02,-1.224698383853688038e-01,-1.388729316467223196e-01,3.383961281049093772e-01,1.318786334362717083e-01,-4.669203559901077272e-01,-1.331303636859524839e-02,-8.514527007979942608e-02,-5.301471101962239585e-01,9.197425013714724540e-02,-1.610806511407995023e-01,-1.567475017417158112e-01,1.936725649414759026e-02,-3.914121581157229413e-01,-1.389519324832540204e-01
-5.211203495295163579e-02,-5.860685165818639852e-01,-3.150329177225761473e-02,9.063807710508775539e-02,-7.507038556132862583e-02,4.787751940941224055e-02,-9.976997742427361204e-02,-9.414280334433300368e-02,1.123140232903907104e-01,3.824346657522709747e-01,8.198417352668362079e-02,-1.029482835858737816e-01,-1.212046306401970142e-01,2.874770037608169737e-01,8.050918410726155827e-02,-3.724501352430905632e-01,4.014017029895756983e-02,-8.716986754488463551e-02,-4.720756037357600743e-01,1.282001736138273229e-01,-1.879573273349781914e-01,-1.650973946800003977e-01,2.611533283275597334e-02,-3.873484532168334771e-01,-1.614096228683380985e-01
-4.980148193428506759e-02,-5.237268135138157810e-01,-5.458416599090250287e-02,3.451230308754356380e-02,-8.013382393828079320e-02,3.435147219532030949e-02,-6.420966332652337794e-02,-1.214351579426308642e-01,1.089374977726153826e-01,3.384014574421887467e-01,9.106111591050063125e-02,-7.701678452873336744e-02,-8.172201045176556711e-02,1.816919766003515513e-01,3.752926228153562888e-02,-2.722008566626681891e-01,7.072819173312425156e-02,-9.281320200826262412e-02,-3.810582545380373776e-01,1.380371907343122817e-01,-1.760796012925139875e-01,-1.578548057822779793e-01,2.507861900862838958e-02,-3.420760200036496723e-01,-1.422923289270471570e-01
-4.709905433254605450e-02,-4.558537328088611562e-01,-6.732814665835554213e-02,-2.723088613313193879e-03,-7.787627777528140227e-02,3.032153428113450871e-02,-4.182232400437323194e-02,-1.442269503370954831e-01,9.672283342613981205e-02,2.901561362537496414e-01,8.983946267729965574e-02,-5.707839752977742626e-02,-4.787373922063117848e-02,8.445757405718140598e-02,9.851640256287848632e-03,-1.964922108075724538e-01,8.539480720613706888e-02,-9.762298587378238912e-02,-3.017486701278319638e-01,1.360644312381325272e-01,-1.558910413293669583e-01,-1.485198076754101482e-01,2.091385602878122196e-02,-2.951222745601571051e-01,-1.153390466474839698e-01
-4.401286001928798181e-02,-3.608981760684509821e-01,-7.175776203708883472e-02,-2.843022182629836164e-02,-6.543271472525084842e-02,3.540422926462542808e-02,-2.923215972780556990e-02,-1.724160265039876849e-01,7.002292635312762359e-02,2.210549347267093401e-01,7.364341835356581767e-02,-3.332779174314424303e-02,-6.832697857901488120e-03,-3.034008911042939197e-02,-1.252439831807857645e-02,-1.271983744266677319e-01,8.691408975716062579e-02,-1.059336113954453817e-01,-2.198252659500899431e-01,1.180773938414768909e-01,-1.201002377650291775e-01,-1.370945256184315786e-01,4.793303897430671937e-03,-2.298418994711391994e-01,-7.167640076785608549e-02
-4.364302413231314903e-02,-3.313870167803611988e-01,-6.737001649285861982e-02,-2.544545259460503916e-02,-5.660717617889082787e-02,4.103317167895015327e-02,-3.283374513726740329e-02,-1.811518668170904178e-01,5.674695529209353162e-02,1.973959893320873515e-01,6.151809910471104509e-02,-2.529411693084866741e-02,6.176779032083563534e-03,-5.853755992195374541e-02,-1.474551109763151679e-02,-1.202359028776397304e-01,7.957367013167312986e-02,-1.105082001772329375e-01,-2.077383996975895875e-01,1.055730567134404302e-01,-1.046854198693605714e-01,-1.344572386427389243e-01,-6.426928195678617561e-03,-2.079461770154016065e-01,-5.484412171289416993e-02
-4.383671049493354649e-02,-3.104184706338185551e-01,-6.057936642033853736e-02,-1.642333533771420107e-02,-4.679054117238460458e-02,4.750793322549932279e-02,-4.003308617029754241e-02,-1.877562875769169803e-01,4.389115789590254668e-02,1.788238811927385652e-01,4.813237316915869313e-02,-1.854271772451835873e-02,1.655311569388771137e-02,-7.451003390487845324e-02,-1.389867542373907604e-02,-1.241910871635917429e-01,6.936314350418489039e-02,-1.154791719865428390e-01,-2.077758409298061937e-01,9.213499209610011287e-02,-9.063903037446917332e-02,-1.332074912340288353e-01,-1.887156806561928954e-02,-1.908757088232957977e-01,-4.058450523406154087e-02
-4.534390992127674408e-02,-2.877352266083097465e-01,-4.344748020449499398e-02,1.165834341400478168e-02,-2.607892869072957545e-02,6.118796553966034113e-02,-6.020013648943842860e-02,-1.965209072724193595e-01,2.051913229922864429e-02,1.537513808328801468e-01,2.049597336216328614e-02,-7.880136767430113640e-03,3.207306119661407218e-02,-8.203168212821042304e-02,-7.025478585946834387e-03,-1.516454271794343278e-01,4.475511138388792859e-02,-1.261371047532783285e-01,-2.308657264789830410e-01,6.502964340351603811e-02,-6.672347096611351558e-02,-1.336903538725712770e-01,-4.516842811662760693e-02,-1.678762514412286411e-01,-1.868861529262123497e-02
-4.644268818125944082e-02,-2.836370254803205482e-01,-3.420899398189564122e-02,2.820443432799059000e-02,-1.580862030635965879e-02,6.790834801168720014e-02,-7.164554634905428987e-02,-1.992834640462970153e-01,1.025276404228941257e-02,1.460534299801861391e-01,7.102513740766890071e-03,-3.729374915545122064e-03,3.792093669440458475e-02,-7.756862177956841409e-02,-2.138019391917031498e-03,-1.709351706286899031e-01,3.169790738309531675e-02,-1.315693613937857498e-01,-2.494171535046619814e-01,5.208427759546492564e-02,-5.680457482688655579e-02,-1.349876885230240908e-01,-5.825771781543633704e-02,-1.607657770811434794e-01,-1.055958183591816126e-02
-4.766525408284320170e-02,-2.829688654659522351e-01,-2.492945490994337432e-02,4.539338248185922214e-02,-5.813465049169066687e-03,7.439848700129142456e-02,-8.338199053084359436e-02,-2.012726797124007039e-01,9.015880000920903315e-04,1.407946942915822841e-01,-5.750205797957159970e-03,-2.111173508890732547e-04,4.283811639338576394e-02,-6.955849994287124916e-02,3.245534063684236276e-03,-1.920794501341341332e-01,1.864485998365725955e-02,-1.369411551931936366e-01,-2.704963450793665958e-01,3.974549041037374331e-02,-4.807542292501099795e-02,-1.367391105963884634e-01,-7.101336744686888303e-02,-1.558459326694593694e-01,-3.919603242286571684e-03
-4.895244585371343743e-02,-2.847562709359136024e-01,-1.575876518220218833e-02,6.275967749242289395e-02,3.851470282948801609e-03,8.062263059095557682e-02,-9.512703834922443813e-02,-2.026874475933500286e-01,-7.661587019208243587e-03,1.373672312090383485e-01,-1.802639235524856193e-02,2.813383367709860420e-03,4.706065467761572779e-02,-5.915240651579968534e-02,8.884656133839728687e-03,-2.141297048437718620e-01,5.790521018480535541e-03,-1.421913579196759647e-01,-2.929090087055439273e-01,2.802775063143182754e-02,-4.032609754066836250e-02,-1.387747142864624306e-01,-8.333118693540819688e-02,-1.525625070136142070e-01,1.563353370882839379e-03
-5.154647237849446090e-02,-2.922612703894712505e-01,1.991506156718469457e-03,9.687807797449399239e-02,2.220601153153490756e-02,9.228040098599026020e-02,-1.179338586902438368e-01,-2.044835908235307920e-01,-2.309081433169188693e-02,1.337176748049027919e-01,-4.101754407860456336e-02,7.959687779296063456e-03,5.428862689251924556e-02,-3.488390213376282162e-02,2.023050382715983406e-02,-2.582974584381821925e-01,-1.895358758009885528e-02,-1.521923405966552345e-01,-3.381868389639817729e-01,6.248403173386513076e-03,-2.682272250900596261e-02,-1.431107455228415037e-01,-1.065093511595920639e-01,-1.488375601392180059e-01,1.035871070025400596e-02
-3.606315870248833627e-02,-3.806179697444812826e-02,2.010240000420252249e-01,3.777193598250099815e-01,2.386038857869454965e-01,2.414868035327967788e-01,-3.256921252935831013e-01,-2.711163308876843314e-01,-2.737511499510753010e-01,-1.645870042443253189e-01,-2.803483093380364499e-01,6.233080931139123315e-02,1.562070335832247969e-01,-1.481804638123410955e-01,1.566638652026680067e-01,-5.263651448855323212e-01,-2.786883977376505839e-01,-1.902414356966063980e-01,-4.508213989239858721e-01,-2.960881657907228903e-01,2.511142680786446757e-01,-7.462343683364293379e-02,-3.062920473279797662e-01,6.783154034528665610e-02,2.666304117064941526e-01
-3.778505834391860524e-02,-2.811683527833151452e-01,1.701689522763317197e-01,3.437733686053920379e-01,1.497159635313017600e-01,1.918909130323239731e-01,-2.880333221624297169e-01,-1.862198929232642408e-01,-1.502232164619834165e-01,5.806134851323909579e-02,-1.761130501308282303e-01,-1.336781731261865204e-02,4.062309036248411970e-02,8.260665875025886840e-02,1.847075989208906421e-01,-5.656370170137486886e-01,-2.118658007036468838e-01,-1.478639753958372327e-01,-5.309907231409125572e-01,-1.704900061362698838e-01,1.058083228014679300e-01,-8.993232067617298875e-02,-1.957711105354673631e-01,-1.166657274438598346e-01,1.160635606091970362e-01
-3.886214430483758697e-02,-2.924616442455904020e-01,1.661136178268710906e-01,3.393901074162491982e-01,1.300016771370760271e-01,1.857019823193028496e-01,-2.723782622336730630e-01,-1.585098543627711243e-01,-1.384439049466547056e-01,8.279208256695234913e-02,-1.605500968489928515e-01,-3.002733879167204800e-02,1.475024582397715771e-02,1.214001698807066487e-01,1.953511646064493568e-01,-5.840031021251184118e-01,-2.044691880575303100e-01,-1.365747771028222868e-01,-5.302899469712174518e-01,-1.395708895651496528e-01,9.197226666226469838e-02,-8.269104686152758954e-02,-1.472437667935504457e-01,-1.370060499707559942e-01,9.927711635331230855e-02
-4.187933266360487072e-02,-3.630106377219681213e-01,1.310963294975041327e-01,3.069078650232456851e-01,9.158569875998674725e-02,1.675659580715682384e-01,-2.435755346003293798e-01,-1.228293243231394216e-01,-9.562936343319086707e-02,1.552961420909193258e-01,-1.135934549311877484e-01,-6.578941765475292136e-02,-3.170748393228588202e-02,1.907271389538156281e-01,1.990133435302824938e-01,-5.796748844608761164e-01,-1.721441177944851575e-01,-1.225417443245207239e-01,-5.312304837367184396e-01,-8.342462928251248577e-02,4.274824412981789029e-02,-9.221935364977261462e-02,-8.340153965770021049e-02,-2.031207261343349890e-01,5.317968538091123742e-02
-4.682678846664053290e-02,-4.877248711917316903e-01,7.997477009762374300e-02,2.555011497030857948e-01,3.332015787547060182e-02,1.312611075952142270e-01,-2.037735376361847761e-01,-9.016949332152339458e-02,-1.675818205559102131e-02,2.705770065692187365e-01,-4.386445050201968898e-02,-9.880153945887684697e-02,-8.592016186203106642e-02,2.860223514316030391e-01,1.807938321062086962e-01,-5.541753965811387905e-01,-1.113970937129260680e-01,-1.083262372158536463e-01,-5.484292006639397421e-01,-4.996045156734782444e-03,-4.718230837248364035e-02,-1.219527960701661667e-01,-2.913638106632991318e-02,-3.015135538082729938e-01,-3.544171214743614684e-02
-5.065009892673642128e-02,-5.825056744852217250e-01,3.010001257889183268e-02,1.915198873903751486e-01,-2.255763963047175899e-02,8.826169607692875563e-02,-1.600499762565174011e-01,-7.983568562028620086e-02,6.165104595921578473e-02,3.640103635202752708e-01,2.168025950621388712e-02,-1.064585021215831290e-01,-1.167756972905121260e-01,3.417690816148871158e-01,1.384986973752803663e-01,-4.976394238480402743e-01,-3.861328126193042803e-02,-1.008510437426882039e-01,-5.532910034550323486e-01,6.772478272944244815e-02,-1.352224700325338480e-01,-1.547166113589493464e-01,-2.771749461676130486e-03,-3.749536287294458758e-01,-1.237712403290153473e-01
-5.129110930483010700e-02,-5.935185412176940956e-01,-1.089302447206180226e-02,1.222821303164422502e-01,-5.382535152444023474e-02,5.690505118391652600e-02,-1.167239168902862861e-01,-9.152115053366656483e-02,1.009091474690782253e-01,3.867847431700544569e-01,6.273970929358572979e-02,-9.534829137688118073e-02,-1.075523250726855840e-01,3.118786527942550846e-01,9.084717646953489878e-02,-4.106149885021882495e-01,1.885442889784134934e-02,-1.014131002617012917e-01,-5.089064633262421200e-01,1.118401194028342677e-01,-1.739963808684602820e-01,-1.678904330917367349e-01,8.892215014772051826e-03,-3.867499085282028459e-01,-1.589814892855555273e-01
-4.672594673437424628e-02,-4.911157462312962796e-01,-5.334649390284794401e-02,2.542490305356407548e-02,-6.595184646349400159e-02,3.607591652319285663e-02,-5.837821821825738694e-02,-1.337928291814693693e-01,9.877503265229739537e-02,3.182842629938531509e-01,8.116998298380655175e-02,-6.022786542871497867e-02,-4.917855214534489622e-02,1.397454011059224011e-01,2.425363029037675214e-02,-2.453498852674037278e-01,6.992371057216030528e-02,-1.074848521960013875e-01,-3.605155161295550137e-01,1.303930473008202695e-01,-1.581423654559590830e-01,-1.569368582570304926e-01,1.205435233864000054e-02,-3.154057823930103699e-01,-1.292679665641207898e-01
-4.487677813292371976e-02,-4.404996688209685818e-01,-6.004239641333621036e-02,3.998429608163716828e-03,-6.287835755289752915e-02,3.619627804714299624e-02,-4.665112234413501535e-02,-1.498818458604291859e-01,8.733715190010508944e-02,2.816122911811932417e-01,7.643543684774789515e-02,-4.730977564041247141e-02,-2.704615534266950963e-02,7.227786864589948179e-02,8.248052998041060027e-03,-1.981592194341783020e-01,7.590821316524465345e-02,-1.105250165092774711e-01,-3.089456920262373951e-01,1.251203221411731903e-01,-1.415853830961631699e-01,-1.503737978317301327e-01,7.089024190714293509e-03,-2.802722709722558214e-01,-1.073182687438686417e-01
-4.389638968519091883e-02,-4.019006972803245703e-01,-6.089439273238907852e-02,-4.186439699030434364e-03,-5.722946100398577235e-02,3.929820844653982015e-02,-4.331812843916332117e-02,-1.617733562096635991e-01,7.523831886402770897e-02,2.524378455333088356e-01,6.788201035961557994e-02,-3.753975729232901515e-02,-1.078176279981046988e-02,2.655759745564221369e-02,3.616842229128222765e-05,-1.729471032735917513e-01,7.474527799303087860e-02,-1.139652177863215987e-01,-2.787165972241029133e-01,1.161714822061162694e-01,-1.262067879889764432e-01,-1.459796102143701702e-01,-8.421150853426830583e-04,-2.528693332622904411e-01,-8.841553811751923231e-02
-4.364675747258459776e-02,-3.740255237975557701e-01,-5.783220084092482310e-02,-3.115008163086716714e-03,-4.983115241963132630e-02,4.408198299987540342e-02,-4.570831975048361695e-02,-1.705729122411280829e-01,6.322453491903561040e-02,2.298393162511035981e-01,5.704511304413579370e-02,-2.983498660551404599e-02,1.516759716788062401e-03,-2.079469579208041794e-03,-3.089881001776638783e-03,-1.638061163771526996e-01,6.890278469225315228e-02,-1.179451263808445755e-01,-2.652960300349248013e-01,1.051715341463614478e-01,-1.122660872082381772e-01,-1.434537881970970874e-01,-1.089316921179237473e-02,-2.319301275950610419e-01,-7.256524749267340146e-02
-4.394376767403244954e-02,-3.547009330396597715e-01,-5.224229026457088282e-02,4.172118997468321315e-03,-4.129595947380455823e-02,4.978160532912680875e-02,-5.184254202646319809e-02,-1.771501954860163486e-01,5.161294438841840942e-02,2.124908925752917455e-01,4.493081672833616064e-02,-2.351912153099141103e-02,1.118421757775600774e-02,-1.823478835439975437e-02,-2.946014369920228835e-03,-1.658111524961055905e-01,6.006981749028438011e-02,-1.224050105506008235e-01,-2.640565082913747808e-01,9.311277741206876180e-02,-9.966619627480534371e-02,-1.423534593732946607e-01,-2.230727375390762976e-02,-2.160012223253491015e-01,-5.931796557287541405e-02
-4.462827876829673912e-02,-3.420277566434714034e-01,-4.509150630675995419e-02,1.551042539283856679e-02,-3.210551872389719175e-02,5.592373094611427509e-02,-6.034815401398679890e-02,-1.820970627371952810e-01,4.059124095131409760e-02,1.993161762782851842e-01,3.223560894699338542e-02,-1.821808362173241505e-02,1.902712721465131540e-02,-2.538591257399116369e-02,-6.948125969566782637e-04,-1.753578583090123211e-01,4.940846390152990597e-02,-1.272077776428567619e-01,-2.713452965185427224e-01,8.064620354253460022e-02,-8.830965607661414585e-02,-1.423106713482950869e-01,-3.447638626193506861e-02,-2.039683898608992130e-01,-4.825514729352627097e-02
-4.557472706232264248e-02,-3.344404287988975710e-01,-3.703093032520251432e-02,2.939622804642939846e-02,-2.260782274119414043e-02,6.221812805068856200e-02,-7.028879865017471917e-02,-1.858296783144866016e-01,3.024064571460169035e-02,1.894380065124112167e-01,1.941226102742039245e-02,-1.369842272582174995e-02,2.555614779098965700e-02,-2.608917861835586063e-02,2.906188024833785723e-03,-1.898738429483031731e-01,3.770439610455435936e-02,-1.322103059787054224e-01,-2.844141044658407003e-01,6.817968994525329396e-02,-7.808328630103264500e-02,-1.430314697828848902e-01,-4.695521839598575109e-02,-1.949630592496968962e-01,-3.899931403374517352e-02
-4.668617655896475926e-02,-3.306109019038286911e-01,-2.848460889155551151e-02,4.479291899727747689e-02,-1.302981860285953690e-02,6.849430137623482850e-02,-8.102532907100369608e-02,-1.886643454879832205e-01,2.054592633621601938e-02,1.820858471827023761e-01,6.723821666511865282e-03,-9.777914072585401628e-03,3.113740968487730895e-02,-2.228252003903449796e-02,7.342896254683146766e-03,-2.075111485712181347e-01,2.547625838088000971e-02,-1.372923977468528123e-01,-3.011883225346724258e-01,5.594213809948151567e-02,-6.883168245457796375e-02,-1.442723847721232022e-01,-5.944102739728496232e-02,-1.882495564983098502e-01,-3.118493818033815645e-02
-4.788836664354060441e-02,-3.293937237189688561e-01,-1.972015881961471789e-02,6.098741788822300419e-02,-3.504119844492191004e-03,7.465928147056664910e-02,-9.211964832833519079e-02,-1.908559997964648647e-01,1.142203774120835631e-02,1.765607371056364949e-01,-5.701573757026111647e-03,-6.292461791300356030e-03,3.606280902688783346e-02,-1.548249483667033834e-02,1.225230686409765554e-02,-2.269283316581652554e-01,1.305785382256782409e-02,-1.423635128691043139e-01,-3.200911630961554288e-01,4.403869211924568011e-02,-6.036239963710839790e-02,-1.458275569822433670e-01,-7.174138142695528353e-02,-1.831769166929718973e-01,-2.445544525029882260e-02
-4.912512572285183260e-02,-3.298162951586874336e-01,-1.090191368340763349e-02,7.749000889413919235e-02,5.901068403241231837e-03,8.066814306389334666e-02,-1.032713888020629495e-01,-1.926135802255320162e-01,2.747712236127216549e-03,1.722408768746829244e-01,-1.782099862758656714e-02,-3.091825164972262282e-03,4.057392522900496457e-02,-6.887857754670247135e-03,1.737217246178871660e-02,-2.471502663426092816e-01,6.590654067397827163e-04,-1.473599365421841001e-01,-3.399334908500221131e-01,3.249745251570515525e-02,-5.246926267941341704e-02,-1.475252410807288972e-01,-8.374209502878895983e-02,-1.791747944161856398e-01,-1.847851311709452007e-02
-5.035502062818347779e-02,-3.310863731744354554e-01,-2.129110199297652196e-03,9.396567596513639986e-02,1.515574497545294115e-02,8.650359518297927319e-02,-1.142763878497753266e-01,-1.941048975756288486e-01,-5.604262533769820490e-03,1.686004342230395525e-01,-2.963701130043206941e-02,-4.573281076405380941e-05,4.486590125591391476e-02,2.568544170162746602e-03,2.251331475654774761e-02,-2.674773691642482465e-01,-1.159028164998893162e-02,-1.522388904639665197e-01,-3.598427964928284650e-01,2.130573287391776191e-02,-4.495829890813414498e-02,-1.492280522145523203e-01,-9.538047601619040194e-02,-1.757654884401593787e-01,-1.296516247285803107e-02
-5.154872693168258135e-02,-3.325954930721947700e-01,6.538038331844755156e-03,1.101871424604260324e-01,2.424863149991851596e-02,9.216250013694154974e-02,-1.249988910837247780e-01,-1.954587072436885231e-01,-1.374558498989166856e-02,1.652237230242600829e-01,-4.116973518151232497e-02,2.949535612514292849e-03,4.908645242912406531e-02,1.218767703210657700e-02,2.754295352373473810e-02,-2.874225118890784691e-01,-2.361013484205517696e-02,-1.569726236605315239e-01,-3.792089258996815260e-01,1.043526051015335535e-02,-3.766714648653711472e-02,-1.508329437370078130e-01,-1.066253773743364025e-01,-1.725740640468556852e-01,-7.683359129738909568e-03
-3.615418320925851969e-02,-1.401914572335447584e-01,1.914236759365812723e-01,3.721441337000998550e-01,2.144975485789966108e-01,2.281203114263155862e-01,-3.212544769853711846e-01,-2.444675137822184818e-01,-2.321522631445447904e-01,-8.197214908034301806e-02,-2.479156995775303463e-01,3.430616239251593758e-02,1.157467321849956349e-01,-6.002978326384533075e-02,1.707643782412852085e-01,-5.464421599063274959e-01,-2.610097663656248956e-01,-1.798762080304989464e-01,-4.939227059859024882e-01,-2.618525646730803791e-01,2.016392678810561556e-01,-8.460138922231368042e-02,-2.804831090610798716e-01,-3.509382418983731516e-03,2.154973217384689721e-01
-3.641302977786328721e-02,-2.426301776033799318e-01,1.899358629426551870e-01,3.683682586980676632e-01,1.559990720351543125e-01,2.023791678077510592e-01,-2.864931622756164975e-01,-1.628311937041970470e-01,-1.711438859639565213e-01,4.007601835608945451e-02,-1.915246052624925421e-01,-1.677298569617084734e-02,3.353356728458604941e-02,9.929043504577188262e-02,2.059704054536913576e-01,-6.082068378685868693e-01,-2.338318386600994059e-01,-1.460789997510868743e-01,-5.318140521565470902e-01,-1.684906297102481687e-01,1.315634363189609468e-01,-7.050327156070652912e-02,-1.603053311627048449e-01,-1.001125682681646284e-01,1.326490720167667614e-01
-4.503805454783774836e-02,-4.651754449298785010e-01,1.028532990785590295e-01,2.842707184130275344e-01,5.718707223506427906e-02,1.428661494637488150e-01,-2.165420099295370104e-01,-9.566999868816569719e-02,-4.057195559375532945e-02,2.454900130857148588e-01,-7.151280577871740873e-02,-8.203974199754943131e-02,-6.517663303678079834e-02,2.765645100295124337e-01,1.854184790849661701e-01,-5.751257151050613858e-01,-1.349252788063369513e-01,-1.207928537496919946e-01,-5.592730473051608087e-01,-2.955312050980846844e-02,-1.847421342233820929e-02,-1.167990844872883460e-01,-4.753726912925514830e-02,-2.769595824247552684e-01,-1.439589558939909780e-02
-4.906153029776377794e-02,-5.672157409469815725e-01,5.128129397993612393e-02,2.180813919562255843e-01,8.211229490584547389e-04,9.752496150554650078e-02,-1.722433834482343384e-01,-8.568678567804555168e-02,4.133611237342706829e-02,3.461502520542576455e-01,-3.632739983312975596e-03,-8.951380813261676506e-02,-9.348390438479221853e-02,3.359582260088501693e-01,1.409120276205381717e-01,-5.174494771387900816e-01,-5.932347438265683087e-02,-1.147110180935366347e-01,-5.667508395149054579e-01,4.618803659241656201e-02,-1.104302442450234983e-01,-1.518848575711925497e-01,-2.234391503412834837e-02,-3.547623996345067865e-01,-1.075160476366629064e-01
-4.824713409891270149e-02,-5.615128024748929914e-01,-2.411257556165769325e-02,8.785390318553776279e-02,-5.041501462388759541e-02,4.743888374839230065e-02,-9.428921380347340953e-02,-1.091268538622976875e-01,1.016441509023832818e-01,3.690877227693397655e-01,6.618179046026567702e-02,-7.394138866589482217e-02,-7.067616124215934936e-02,2.543821280145813768e-01,6.006966806560184308e-02,-3.506197171963179038e-01,3.787662818142020077e-02,-1.145574626037909466e-01,-4.668948522175545568e-01,1.188564363370886584e-01,-1.663400252997549456e-01,-1.684572239475204403e-01,2.363728268136727068e-03,-3.603666097210253549e-01,-1.535897531132100757e-01
-4.609252498027145012e-02,-5.154338768915815994e-01,-4.172015623962201103e-02,4.794328980574610877e-02,-5.553189337112407475e-02,4.074988960694270190e-02,-7.132022784099849300e-02,-1.266193404716043081e-01,9.920396100844618148e-02,3.380227705291483087e-01,7.258928704473456561e-02,-6.137671434821974359e-02,-4.815587958645941441e-02,1.797880943197448789e-01,3.477274173461261664e-02,-2.821921369245093958e-01,5.714517698751791358e-02,-1.158785998847778748e-01,-4.037189155914446825e-01,1.248451394030192785e-01,-1.582331608750370822e-01,-1.630842660533089739e-01,4.367274398397819925e-03,-3.288020174779465732e-01,-1.385294357068556637e-01
-4.450183923702964728e-02,-4.714960130201416022e-01,-4.999648080181681720e-02,2.531453103211875680e-02,-5.480096266708166935e-02,3.988269756739128147e-02,-5.908355105432291920e-02,-1.413984967478820742e-01,9.062405980963894603e-02,3.061943740716135953e-01,7.021396884722599929e-02,-5.035339424260291963e-02,-2.915913491128157425e-02,1.182300569446351063e-01,1.904375261424350388e-02,-2.362851023807701900e-01,6.478425537521033395e-02,-1.178631905969928229e-01,-3.561804701321792388e-01,1.220731501851666095e-01,-1.452686501900795901e-01,-1.575679843199628005e-01,1.256714678451478513e-03,-2.980782949259035419e-01,-1.199699628665915896e-01
-4.369470026773649568e-02,-4.363395106687544267e-01,-5.203312342014463493e-02,1.580773401312752374e-02,-5.068894562332231651e-02,4.221810217852482727e-02,-5.498473300478730341e-02,-1.528480218030732474e-01,8.012959812442346785e-02,2.793051112823160542e-01,6.313330338903982986e-02,-4.139683492861559455e-02,-1.437855410144752051e-02,7.453984533910490429e-02,1.047778836152660209e-02,-2.105711975201119412e-01,6.492775465884796648e-02,-1.206116610330199568e-01,-3.269355415004506216e-01,1.147577440430562479e-01,-1.318905918927947563e-01,-1.535839337125943227e-01,-5.433108481125565464e-03,-2.727582449496078199e-01,-1.027596467726154955e-01
-4.356324969943976139e-02,-4.103361151730862133e-01,-4.994979304474356924e-02,1.556496606346777917e-02,-4.442866224415853438e-02,4.636414830495236977e-02,-5.655630388709786960e-02,-1.615287402619814960e-01,6.918897063273471426e-02,2.579231799332573627e-01,5.339154668848922203e-02,-3.411036582725560096e-02,-2.867405298553653541e-03,4.632542596952287511e-02,6.824663373068829211e-03,-2.002253281889919689e-01,6.019609499950867582e-02,-1.240827280837463187e-01,-3.130973286326820815e-01,1.049737748745163124e-01,-1.192592620191870595e-01,-1.512119231096070715e-01,-1.454476690846746162e-02,-2.529447489524404569e-01,-8.788526755452033545e-02
-4.393680743968581687e-02,-3.920137244679613997e-01,-4.518587343126907740e-02,2.162372503949850505e-02,-3.678358594206442012e-02,5.152828496055639890e-02,-6.190731369672785450e-02,-1.681200325620481884e-01,5.835478207937508377e-02,2.412540505162300564e-01,4.214839630750194521e-02,-2.804651622341592168e-02,6.347528423190256994e-03,2.989250127196198259e-02,6.427771860991839115e-03,-2.007838388216532655e-01,5.231683605702165674e-02,-1.281343312083010610e-01,-3.107718175561352547e-01,9.386582392864363522e-02,-1.075889526086788173e-01,-1.501401575380232889e-01,-2.520348454431906374e-02,-2.376686176029220443e-01,-7.523725581767552739e-02
-4.466159355466407105e-02,-3.796619400624142715e-01,-3.871583481519422221e-02,3.185194979304565438e-02,-2.827944562897106995e-02,5.723392219593731456e-02,-6.969099523048789824e-02,-1.731726645681891663e-01,4.785536731259854709e-02,2.283240102473216016e-01,3.012006067746100108e-02,-2.287265192193830773e-02,1.397424145193097537e-02,2.200771952050645242e-02,8.154100552409893066e-03,-2.087864654759966077e-01,4.245377533062846126e-02,-1.325951098245483073e-01,-3.165481816354867028e-01,8.211947629651875080e-02,-9.684689542959717956e-02,-1.500260443153921541e-01,-3.676264647249775919e-02,-2.259061152218156399e-01,-6.446607296897345629e-02
-4.670399972813717854e-02,-3.669104943736994917e-01,-2.304256893671659603e-02,5.927694705728928787e-02,-1.001407895891900761e-02,6.922348933281206873e-02,-8.909853604936747440e-02,-1.802468177246383252e-01,2.805761080823818490e-02,2.101921753567454476e-01,5.295092281797289004e-03,-1.426244401167534211e-02,2.632014690822415473e-02,2.231003214865487708e-02,1.513686315891059689e-02,-2.376336183608604435e-01,1.965278873965071310e-02,-1.421435841949370560e-01,-3.423070793327995243e-01,5.818427943170687011e-02,-7.763741822896563782e-02,-1.515281323407258185e-01,-6.089298988850497946e-02,-2.094877914942225305e-01,-4.702909243945544576e-02
-4.785817596497561610e-02,-3.641029350995396152e-01,-1.455004098076117386e-02,7.470237998798121004e-02,-6.417541247259618943e-04,7.523060931105980675e-02,-9.962800769585714034e-02,-1.828444514129448084e-01,1.867247388517316239e-02,2.035237278120443083e-01,-7.098653206119326375e-03,-1.046892107744091735e-02,3.168027877335923698e-02,2.704298384709407851e-02,1.949056047425578100e-02,-2.552942925554778641e-01,7.586842027240449371e-03,-1.470071225526211056e-01,-3.587220808761968915e-01,4.635592335976425338e-02,-6.884066746533239189e-02,-1.526973263994938768e-01,-7.294616533257615443e-02,-2.034421573385048754e-01,-3.965554990676775637e-02
-4.902681578693761366e-02,-3.624455574275303738e-01,-5.897366384599696948e-03,9.052286276051839387e-02,8.745238269796005645e-03,8.115371621572077532e-02,-1.102525289027203176e-01,-1.850938817550516480e-01,9.524228795335577813e-03,1.976745387688424449e-01,-1.935873983417676220e-02,-6.831754252575432569e-03,3.679849764516796018e-02,3.319878720764030122e-02,2.403444347951061086e-02,-2.737160560923629360e-01,-4.576225876790232169e-03,-1.518282204971688476e-01,-3.758782652761158971e-01,3.472123599022460677e-02,-6.036483908247077673e-02,-1.539236734220377489e-01,-8.479149168301722272e-02,-1.981176911947654384e-01,-3.278084278859925982e-02
-5.017418589595298156e-02,-3.612848885791367648e-01,2.793867294041522693e-03,1.063890639926733384e-01,1.808539456629936967e-02,8.696013373943965730e-02,-1.207645283452243035e-01,-1.871394416331083610e-01,5.371341932798683310e-04,1.922167565991702576e-01,-3.144713709863612705e-02,-3.251918863083445767e-03,4.182348238600890056e-02,3.994745001198961309e-02,2.858867522668296496e-02,-2.922340518678278043e-01,-1.668238382594449190e-02,-1.565575762925626724e-01,-3.930007786330239616e-01,2.330601174161116979e-02,-5.207754958598678069e-02,-1.550933530059570298e-01,-9.634652358779520476e-02,-1.931245883004092390e-01,-2.618022406723322440e-02
-5.127650149987447031e-02,-3.601584911874363693e-01,1.144081454537128686e-02,1.220610302698557220e-01,2.733512819672252736e-02,9.263118833752939651e-02,-1.310267647044897343e-01,-1.890829087971374334e-01,-8.344836236366573456e-03,1.868433039329605583e-01,-4.334049235150065627e-02,3.381971157434084975e-04,4.685202631022719610e-02,4.670795553679084333e-02,3.303381828970574502e-02,-3.103997145209489439e-01,-2.862704673027395910e-02,-1.611609834124543283e-01,-4.095767294590889618e-01,1.212211441696998265e-02,-4.388331235899173982e-02,-1.561292398837677564e-01,-1.075601306563477022e-01,-1.881859917718121389e-01,-1.969180757962342779e-02
